/*
 Navicat MySQL Data Transfer

 Source Server         : ins_note
 Source Server Type    : MySQL
 Source Server Version : 80017
 Source Host           : 192.168.1.71:3306
 Source Schema         : ins_note

 Target Server Type    : MySQL
 Target Server Version : 80017
 File Encoding         : 65001

 Date: 28/03/2020 17:04:38
*/

SET NAMES utf8mb4;
SET FOREIGN_KEY_CHECKS = 0;

-- ----------------------------
-- Table structure for note
-- ----------------------------
DROP TABLE IF EXISTS `note`;
CREATE TABLE `note`  (
  `note_id` varchar(40) CHARACTER SET utf8 COLLATE utf8_bin NOT NULL COMMENT '笔记ID',
  `notebook_id` varchar(40) CHARACTER SET utf8 COLLATE utf8_bin NOT NULL COMMENT '笔记本ID',
  `user_id` varchar(40) CHARACTER SET utf8 COLLATE utf8_bin NOT NULL COMMENT '用户ID',
  `note_status_id` varchar(10) CHARACTER SET utf8 COLLATE utf8_bin NULL DEFAULT NULL COMMENT '笔记状态ID:备用',
  `note_type_id` varchar(100) CHARACTER SET utf8 COLLATE utf8_bin NULL DEFAULT NULL COMMENT '笔记本类型ID：备用',
  `note_title` varchar(100) CHARACTER SET utf8 COLLATE utf8_bin NOT NULL COMMENT '笔记标题',
  `note_body` varchar(500) CHARACTER SET utf8 COLLATE utf8_bin NULL DEFAULT NULL COMMENT '笔记内容',
  `note_create_time` bigint(20) NULL DEFAULT NULL COMMENT '笔记创建时间',
  `note_last_modify_time` bigint(20) NULL DEFAULT NULL COMMENT '笔记最近修改时间',
  PRIMARY KEY (`note_id`) USING BTREE,
  INDEX `FK_Reference_2`(`notebook_id`) USING BTREE,
  INDEX `FK_Reference_3`(`user_id`) USING BTREE,
  INDEX `FK_Reference_7`(`note_status_id`) USING BTREE,
  INDEX `FK_Reference_8`(`note_type_id`) USING BTREE
) ENGINE = InnoDB CHARACTER set utf8mb4 collate utf8mb4_unicode_ci ROW_FORMAT = Dynamic;

-- ----------------------------
-- Records of note
-- ----------------------------
INSERT INTO `note` VALUES ('+8KdMldaO71Tl9fG/MB6Ew', 'bfe73e2c289f4eab82b2b82ba17c1396', '48595f52b22c44859244f4004255b972', '3', '1', 'SpringMVC源码分析', '', 1583982884564, 1583982884564);
INSERT INTO `note` VALUES ('019cd9e1b6294d8dafd72aa9e2d6afe0', '4b86d1f963454532bc50ee86442f004b', '39295a3dcc9b42b4b206a2e7fab7e77c', NULL, NULL, 'Nginx 负载均衡', '', 1402538216250, 1402538216250);
INSERT INTO `note` VALUES ('01da5d6989d541409585b559a97f9cb0', '6d763ac9dca342d7a2a7a08053095c08', '39295a3dcc9b42b4b206a2e7fab7e77c', NULL, NULL, 'JVM 性能优化', '', 1402562696503, 1402562696503);
INSERT INTO `note` VALUES ('051538a60f8e472c8765251a795bc88f', '0037215c09fe4eaaaeb525a340c6b39b', '52f9b27638ee447fa3aa0d54e7a736e4', NULL, NULL, 'Java应用', 'JDBC应用开发', 0, 1583564483567);
INSERT INTO `note` VALUES ('066af16d183b41ff8a7c8a8bd6bfccb4', '6d763ac9dca342d7a2a7a08053095c08', '39295a3dcc9b42b4b206a2e7fab7e77c', NULL, NULL, 'Java实现SnowFlake 雪花算法', '', 1402919272546, 1402919272546);
INSERT INTO `note` VALUES ('09f60aeba5734fcfb39f903e1536e762', '20b4cbecbd554c219c413a11ada2b803', '39295a3dcc9b42b4b206a2e7fab7e77c', NULL, NULL, '安装笔记', '首先配置环境啦~', 1403071043166, 1403071043166);
INSERT INTO `note` VALUES ('0a2332518991493c87c8d36e9433eae3', 'b8080f1bbb1e4929853cb1cd1e2ff7a5', '39295a3dcc9b42b4b206a2e7fab7e77c', NULL, NULL, 'Linux命令行参数详解', '', 1402637116884, 1402637116884);
INSERT INTO `note` VALUES ('0a652205c8af41e0986a80d0cdecc996', '64639e6292414efb874b01e97257cb6e', '333c6d0be4a245969902a5d98c2f665a', NULL, NULL, 'Linux 内核', '', 1402883300967, 1402883300967);
INSERT INTO `note` VALUES ('1153295fd1a54a39b794980633bdc3d8', 'b8080f1bbb1e4929853cb1cd1e2ff7a5', '39295a3dcc9b42b4b206a2e7fab7e77c', NULL, NULL, 'Spring', 'Spring AOP详解', 1402637132393, 1583553016636);
INSERT INTO `note` VALUES ('148800c2885d41bebd9a581763138074', '1db556b9d1dc4ed9827445cf0afbe859', '48595f52b22c44859244f4004255b972', '4', NULL, '单元测试--模块化测试', '', 1402998302623, 1402998302623);
INSERT INTO `note` VALUES ('163e1c7604614122930f47f36fdf0ebe', '6d763ac9dca342d7a2a7a08053095c08', '39295a3dcc9b42b4b206a2e7fab7e77c', NULL, NULL, 'Java从入门到放弃', '', 1404865129059, 1404865129059);
INSERT INTO `note` VALUES ('16742fb6d5794d8594db176abab634a3', '1d46f5dbf5694c05bdba75106108fcba', '39295a3dcc9b42b4b206a2e7fab7e77c', NULL, NULL, 'java架构师', '重要的历练过程', 1402918283097, NULL);
INSERT INTO `note` VALUES ('17f280ec684345e69d72db5ae207cc4b', '6d763ac9dca342d7a2a7a08053095c08', '39295a3dcc9b42b4b206a2e7fab7e77c', NULL, NULL, 'Java笔记学习', 'JDBC开发~~~', 1402919759537, 1553135110936);
INSERT INTO `note` VALUES ('1db4a1d876cc46bb9e309e67f0932530', 'b8080f1bbb1e4929853cb1cd1e2ff7a5', '39295a3dcc9b42b4b206a2e7fab7e77c', NULL, NULL, 'MySQL', '异步复制', 1402637151788, 1583552918934);
INSERT INTO `note` VALUES ('1ec185d6554a481bb322b562485bb8e8', 'e46239d64f54426ca448f7a0d45f9425', 'ea09d9b1ede74bd8b43da546680df00b', NULL, NULL, 'redis持久化机制测试', '', 1402539212256, 1402539212256);
INSERT INTO `note` VALUES ('2228527e1cad431894ee3749a4dc25ce', '0cd947784d52486da35d263b3cfe6de9', '39295a3dcc9b42b4b206a2e7fab7e77c', NULL, NULL, 'boy\'s 自我修养', 'wsy9686', 0, 1402914260159);
INSERT INTO `note` VALUES ('23b5d235efc0493e9b34e791adeeadb4', 'bfe73e2c289f4eab82b2b82ba17c1396', '48595f52b22c44859244f4004255b972', '1', NULL, '深入理解Linux内核', '', 1402888790355, 1402888790355);
INSERT INTO `note` VALUES ('2578720c413245a78c2e07ba6803caeb', '1db556b9d1dc4ed9827445cf0afbe859', '48595f52b22c44859244f4004255b972', '2', NULL, '持续集成--集成测试', '', 1402997732177, 1402997732177);
INSERT INTO `note` VALUES ('2799f5318daa480bb2b852f21e711304', '6d763ac9dca342d7a2a7a08053095c08', '39295a3dcc9b42b4b206a2e7fab7e77c', NULL, NULL, 'New笔记', '', 1412414453656, 1412414453656);
INSERT INTO `note` VALUES ('2bf546b5b2b7474a9dfd6996d3091914', '6d763ac9dca342d7a2a7a08053095c08', '39295a3dcc9b42b4b206a2e7fab7e77c', NULL, NULL, 'MySQL', '半同步复制', 1402919277912, 1583552876798);
INSERT INTO `note` VALUES ('2d7db05652a944b38ffa575625a00a6a', '6d763ac9dca342d7a2a7a08053095c08', '39295a3dcc9b42b4b206a2e7fab7e77c', NULL, NULL, 'Redis', '哨兵机制原理分析', 1402919607427, 1583552800822);
INSERT INTO `note` VALUES ('3139eeac149842b08f57c7c48a6e3cce', '6d763ac9dca342d7a2a7a08053095c08', '39295a3dcc9b42b4b206a2e7fab7e77c', NULL, NULL, 'Redis', '主从复制', 1402919606934, 1583552743732);
INSERT INTO `note` VALUES ('3238f91d3be741d6acd362d0b905203f', 'b8080f1bbb1e4929853cb1cd1e2ff7a5', '39295a3dcc9b42b4b206a2e7fab7e77c', NULL, NULL, '随想笔记-111', '可爱的你，傻傻的我~~', 1402637089651, 1553136304769);
INSERT INTO `note` VALUES ('334d6521bebf4f1a82392128a4e828cc', '8be77c363cd54727a8a9071316a2eb11', '39295a3dcc9b42b4b206a2e7fab7e77c', NULL, NULL, '撒地方', '', 1402650671487, 1402650671487);
INSERT INTO `note` VALUES ('3621cb2aa40d496f850548725462f68d', '516f6f4feaa34c7684ff530b92c7f64d', '48595f52b22c44859244f4004255b972', NULL, NULL, 'Linux 基础命令大全', '笔记笔记。。。', 1403253179476, 1403253179476);
INSERT INTO `note` VALUES ('3651f802aac24337b70068857c2cb04c', 'b8080f1bbb1e4929853cb1cd1e2ff7a5', '39295a3dcc9b42b4b206a2e7fab7e77c', NULL, NULL, 'MySQL', 'MMM和MHA实战', 1402637122195, 1583552678001);
INSERT INTO `note` VALUES ('3ac187a964994ce9b1044448f64667c8', 'bfe73e2c289f4eab82b2b82ba17c1396', '48595f52b22c44859244f4004255b972', '3', NULL, 'Spring Cloud微服务架构体系', '<p>23333~~~</p>', 1402968801261, 1553137245479);
INSERT INTO `note` VALUES ('3c6f1cd587994533bbdfbbf48771e95e', '4b86d1f963454532bc50ee86442f004b', '39295a3dcc9b42b4b206a2e7fab7e77c', NULL, NULL, '笔记4', '', 1402538197794, 1402538197794);
INSERT INTO `note` VALUES ('3f50370a8cc14acb80e86e52c8d1061b', '6d763ac9dca342d7a2a7a08053095c08', '39295a3dcc9b42b4b206a2e7fab7e77c', NULL, NULL, 'Python笔记学习', 'Python全栈开发~~~', 1402918834283, 1553135817160);
INSERT INTO `note` VALUES ('43da4a7b0f3f4f3b97c4cc522b585375', 'b8080f1bbb1e4929853cb1cd1e2ff7a5', '39295a3dcc9b42b4b206a2e7fab7e77c', NULL, NULL, '并发编程', '消息队列', 1402637134622, 1583552503972);
INSERT INTO `note` VALUES ('446fb256611e4c1e884a32f62896139a', 'b8080f1bbb1e4929853cb1cd1e2ff7a5', '39295a3dcc9b42b4b206a2e7fab7e77c', NULL, NULL, '卷积神经网络', 'aaaa~~', 0, 1402648172055);
INSERT INTO `note` VALUES ('4949cfde17664d9ba9334f1c8365b75b', '8be77c363cd54727a8a9071316a2eb11', '39295a3dcc9b42b4b206a2e7fab7e77c', NULL, NULL, 'Spring IOC及AOP详解', '', 1402913141589, 1402913141589);
INSERT INTO `note` VALUES ('4FpJ3eXiWiECMlHNBol6jg', 'd0b0727fa2334a1f8600f49fc1f25bc9', '48595f52b22c44859244f4004255b972', '1', '1', 'Php 高级用法', '', 1583656525400, 1583656525400);
INSERT INTO `note` VALUES ('4b120bb52828436cb116317c466d92a7', '6d763ac9dca342d7a2a7a08053095c08', '39295a3dcc9b42b4b206a2e7fab7e77c', NULL, NULL, 'Java', '学好Java很有用', 1402919718835, 1553404200);
INSERT INTO `note` VALUES ('4n6p6io7c2885d41bebd9a58176r5or8n2a', '1db556b9d1dc4ed9827445cf0afbe859', 'gl95f52b22c44859653f4004255bmd9', '4', '1', '持续交付--交付测试', '', 8795949702349, 45673583028973);
INSERT INTO `note` VALUES ('520123113b594504a4d28ff0ff830425', 'bfe73e2c289f4eab82b2b82ba17c1396', '48595f52b22c44859244f4004255b972', '2', '1', 'ConcurrentHashMap源码分析', '', 1553227649288, 1553227649288);
INSERT INTO `note` VALUES ('52f05a14b88d4a708166991d9b663854', 'b8080f1bbb1e4929853cb1cd1e2ff7a5', '39295a3dcc9b42b4b206a2e7fab7e77c', NULL, NULL, 'Java', '网络编程', 1402637119802, 1583552270762);
INSERT INTO `note` VALUES ('584043b2515644b0bf7c5943abd83f5d', '009380f9f6634cdf817e5ef0257dc220', '39295a3dcc9b42b4b206a2e7fab7e77c', NULL, NULL, '微信AI', 'asdfasdfasdf', 0, 1402538676138);
INSERT INTO `note` VALUES ('58cd7aac3ce24e48a75b5054d3e32f71', 'bfe73e2c289f4eab82b2b82ba17c1396', '48595f52b22c44859244f4004255b972', '2', '1', 'concurrenthashmap分段锁的细节', '', 1553227005157, 1553227005157);
INSERT INTO `note` VALUES ('5c59bc2d6e7d4ad9b0e11a871ee8694d', 'b8080f1bbb1e4929853cb1cd1e2ff7a5', '39295a3dcc9b42b4b206a2e7fab7e77c', NULL, NULL, 'Java', '并发编程之Java锁机制', 1402637149407, 1583552539777);
INSERT INTO `note` VALUES ('5d1a067857f74bbdac4a323505da94b2', 'af8be96866bb4b75ac5dd7deb772640f', '39295a3dcc9b42b4b206a2e7fab7e77c', NULL, NULL, '面向对象编程', '', 1403079755071, 1403079755071);
INSERT INTO `note` VALUES ('5efc0d6a1fe345d5863f618d403a6d7f', 'b8080f1bbb1e4929853cb1cd1e2ff7a5', '39295a3dcc9b42b4b206a2e7fab7e77c', NULL, NULL, '记录心情的笔记-111', '天气很好，就是有点想你哇~~', 1402637084679, 1553136445041);
INSERT INTO `note` VALUES ('5t9e6io7c2885d41bebd9a58176313r8i63', '1db556b9d1dc4ed9827445cf0afbe859', '8t6e5f52b22c44859244f4004255bp8u', '4', '1', '测试JAVA笔记--学习Java', '', 1962998302465, 7969983024389);
INSERT INTO `note` VALUES ('5y9t6io7c2885d5op3bd9a58176r5orw5h9', '1db556b9d1dc4ed9827445cf0afbe859', 'y6eqf52b22c4485f3e8f4004255b7lq6', '1', '1', '测试移动开发笔记--学习移动开发', '', 57299497024286, 36793583024529);
INSERT INTO `note` VALUES ('65731b69409c47b9866bb283840b2723', '8be77c363cd54727a8a9071316a2eb11', '39295a3dcc9b42b4b206a2e7fab7e77c', NULL, NULL, '三次握手和四次挥手', '', 1402650114086, 1402650114086);
INSERT INTO `note` VALUES ('69ccf9262b95487c8aa49c65bd094a75', 'b8080f1bbb1e4929853cb1cd1e2ff7a5', '39295a3dcc9b42b4b206a2e7fab7e77c', NULL, NULL, '黑客编程', 'SQL等脚本命令注入', 1402637113712, 1583552201900);
INSERT INTO `note` VALUES ('6c83119d96c64d819e6d75419eb9e923', '6d763ac9dca342d7a2a7a08053095c08', '39295a3dcc9b42b4b206a2e7fab7e77c', NULL, NULL, '状态笔记', '能量满满哇~~233', 1402919759191, 1553136640136);
INSERT INTO `note` VALUES ('6cc250aef1674a6d92a7c00d7d1e96f8', '2a4ca5bb307341949d4e5db0ec5c0998', '48595f52b22c44859244f4004255b972', '1', NULL, 'Python 爬虫', '', 1402916075113, 1402916075113);
INSERT INTO `note` VALUES ('710024f3f056445b81d33404bab0b2bf', '6d763ac9dca342d7a2a7a08053095c08', '39295a3dcc9b42b4b206a2e7fab7e77c', NULL, NULL, 'Caddy反向代理', '', 1403079932559, 1403079932559);
INSERT INTO `note` VALUES ('77f61ff8e7a143ac97405d60b8b15b76', 'd0e7ce0d48934705a51a9a73d259bc70', '39295a3dcc9b42b4b206a2e7fab7e77c', NULL, NULL, '新建笔记', '', 1402903957110, 1402903957110);
INSERT INTO `note` VALUES ('792t6io7c2885d41bebd9a58176r5or5h9p', '1db556b9d1dc4ed9827445cf0afbe859', '9gn652b22c44859653f4004256hms5', '1', '1', '测试Python笔记--学习Python', '', 5793949702576, 28463583028497);
INSERT INTO `note` VALUES ('7JVUieWSIXi1op7xLIY0IQ', 'bfe73e2c289f4eab82b2b82ba17c1396', '48595f52b22c44859244f4004255b972', '2', '1', 'Map详解', '', 1583589946565, 1583589946565);
INSERT INTO `note` VALUES ('7af221ba0d624c62b0639c2ba5e4f300', 'd0b0727fa2334a1f8600f49fc1f25bc9', '48595f52b22c44859244f4004255b972', '2', NULL, '正则表达式从入门到放弃', '', 1402888599823, 1402888599823);
INSERT INTO `note` VALUES ('7c5472464fdb4d2993b68507ce04c81b', 'b8080f1bbb1e4929853cb1cd1e2ff7a5', '39295a3dcc9b42b4b206a2e7fab7e77c', NULL, NULL, 'Redis', '虚拟槽哈希分布', 1402637147126, 1583551935244);
INSERT INTO `note` VALUES ('7cc685b41b0b49008511f948aa2c2e28', 'c7f7fcdb37c04d048dea99123c672d4a', '524f744072834b2d8af54a67570e892e', NULL, NULL, 'Java 多线程编程', '', 1402644594446, 1402644594446);
INSERT INTO `note` VALUES ('7kdm9e15096e4dbvz5afef428c14l6h937', 'bfe73e2c289f4eab82b2b82ba17c1396', '48595f52b22c44859244f4004255b972', '1', '1', '算法高级', '递归、回溯、贪心算法、动态规划', 1583556138315, 1583556138315);
INSERT INTO `note` VALUES ('80931c9a6e5c43f5ac0ba14fe41c665b', '20b4cbecbd554c219c413a11ada2b803', '39295a3dcc9b42b4b206a2e7fab7e77c', NULL, NULL, 'Zabbix 使用详解', '周佳静', 1402969758850, 1402969758850);
INSERT INTO `note` VALUES ('854d05b6ae6f4630944f271d3053f205', 'bfe73e2c289f4eab82b2b82ba17c1396', '48595f52b22c44859244f4004255b972', '2', '1', '区块链', '', 1553228048945, 1553228048945);
INSERT INTO `note` VALUES ('864fe9cb7d464481a8a093e6ec5a0ca7', 'b8080f1bbb1e4929853cb1cd1e2ff7a5', '39295a3dcc9b42b4b206a2e7fab7e77c', NULL, NULL, '性能调优', 'JVM运行时数据区', 1402637156168, 1583552147068);
INSERT INTO `note` VALUES ('880a2e55e6414987bb8f2a060aaa882f', '009380f9f6634cdf817e5ef0257dc220', '39295a3dcc9b42b4b206a2e7fab7e77c', NULL, NULL, '笔记2', '', 1402538152753, 1402538152753);
INSERT INTO `note` VALUES ('8852cfed55a14667bfb95c9a09bf9441', 'bfe73e2c289f4eab82b2b82ba17c1396', '48595f52b22c44859244f4004255b972', '2', '1', '系统运维', '', 1553228212884, 1553228212884);
INSERT INTO `note` VALUES ('89732d3aa85a4a9c86182b3a9b3c2d65', '6d6daffedab04957a1e503765af3d183', '48595f52b22c44859244f4004255b972', '1', NULL, '测试缓存策略--学习redis缓存使用', '', 1402997678862, 1402997678862);
INSERT INTO `note` VALUES ('8a46784c4b824e69aa30716603971851', '009380f9f6634cdf817e5ef0257dc220', '39295a3dcc9b42b4b206a2e7fab7e77c', NULL, NULL, 'b树 vs b+树', '', 1402538620072, 1402538620072);
INSERT INTO `note` VALUES ('8bcc054f2d4f42a59729dd481a42cd15', '6d763ac9dca342d7a2a7a08053095c08', '39295a3dcc9b42b4b206a2e7fab7e77c', NULL, NULL, 'TCP三次握手和四次挥手', '', 1402557880818, 1402557880818);
INSERT INTO `note` VALUES ('8d18aaf6923846dc9c03988d733790cf', 'b8080f1bbb1e4929853cb1cd1e2ff7a5', '39295a3dcc9b42b4b206a2e7fab7e77c', NULL, NULL, 'Linux命令行与shell脚本编程大全', '', 1402637124473, 1402637124473);
INSERT INTO `note` VALUES ('8d3763b28e0148d4a338730b02ded9c9', 'bfe73e2c289f4eab82b2b82ba17c1396', '39295a3dcc9b42b4b206a2e7fab7e77c', NULL, NULL, 'Halo博客系统', '12313123123123', 0, 1403682636301);
INSERT INTO `note` VALUES ('8i6t6io7c2885d498ybd9a58176r5orgr8l', '1db556b9d1dc4ed9827445cf0afbe859', '5hmd52b22c44859653f4584256hbf7', '1', '1', '测试Web笔记--学习网页开发', '', 4273949705473, 2576635830284769);
INSERT INTO `note` VALUES ('9187ffd34c1e47689f2fc600e835b823', 'fa8d3d9d2de54cfe845f951041bcc461', '524f744072834b2d8af54a67570e892e', '1', '1', '测试分布式事务', '', 1402623081964, 1402623081964);
INSERT INTO `note` VALUES ('91b6444c29424e1b9ae7d74f3df0fc9d', '6d763ac9dca342d7a2a7a08053095c08', '39295a3dcc9b42b4b206a2e7fab7e77c', NULL, NULL, 'JVM', '类加载流程分析', 1402919607307, 1583551751603);
INSERT INTO `note` VALUES ('91b7542e3b634c9bb21270664e4a59bc', '0037215c09fe4eaaaeb525a340c6b39b', '52f9b27638ee447fa3aa0d54e7a736e4', NULL, NULL, 'Tomcat源码分析', 'wsf2', 0, 1403071682162);
INSERT INTO `note` VALUES ('91d43e56c61945fcad364d621c75f001', '6d763ac9dca342d7a2a7a08053095c08', '39295a3dcc9b42b4b206a2e7fab7e77c', NULL, NULL, 'Linux内核设计与实现', '', 1402922280625, 1402922280625);
INSERT INTO `note` VALUES ('92ae3432b93e4909bd835a7b8322e47d', '20b4cbecbd554c219c413a11ada2b803', '39295a3dcc9b42b4b206a2e7fab7e77c', NULL, NULL, '发布、上线、故障处理', '', 1402650894503, 1402650894503);
INSERT INTO `note` VALUES ('94862c2885d41bebd9a5859738348195', '1db556b9d1dc4ed9827445cf0afbe859', '48595f52b22c44859244f4004255b972', NULL, NULL, '测试jvm笔记--学习JVM gc', '', 1402998302623, 1402998302623);
INSERT INTO `note` VALUES ('9ccb694d32374d4fafb1b84f630f182c', '20b4cbecbd554c219c413a11ada2b803', '39295a3dcc9b42b4b206a2e7fab7e77c', NULL, NULL, 'MyBatis源码分析', '', 1402653406248, 1402653406248);
INSERT INTO `note` VALUES ('9ddf48afa7644d49b9b3f676651f15e1', '8be77c363cd54727a8a9071316a2eb11', '39295a3dcc9b42b4b206a2e7fab7e77c', NULL, NULL, '转发和重定向详解', '', 1402650030117, 1402650030117);
INSERT INTO `note` VALUES ('9k6t6io7c2885d41bebd9a58176313r8i52', '1db556b9d1dc4ed9827445cf0afbe859', 'e7945f52b22c44859244f4004255bk64', '4', '1', '测试C语言笔记--学习C语言开发', '', 13146998302449, 8439983024327);
INSERT INTO `note` VALUES ('B2UMCI4/Ounc+sXySHuOnQ', 'bfe73e2c289f4eab82b2b82ba17c1396', '48595f52b22c44859244f4004255b972', '3', '1', 'ConcurrentHashMap高级用法', '', 1583856370785, 1583856370785);
INSERT INTO `note` VALUES ('BgTTw9SsOAU2wdDI/X9t6A', '59b354f847ae437da4327d28736bd894', '48595f52b22c44859244f4004255b972', '2', '1', 'Hadoop大数据生态', '', 1585207949199, 1585207949199);
INSERT INTO `note` VALUES ('HSAPlrI+pbyyYolRjDJ5OQ', 'bfe73e2c289f4eab82b2b82ba17c1396', '48595f52b22c44859244f4004255b972', '3', '1', 'Linux kernel内核参数详解', '', 1583590784549, 1583590784549);
INSERT INTO `note` VALUES ('PSUuLeob50LDDYg91VrJYg', 'd0b0727fa2334a1f8600f49fc1f25bc9', '48595f52b22c44859244f4004255b972', '1', '1', 'Php Web应用', '', 1583652404900, 1583652404900);
INSERT INTO `note` VALUES ('V70U1aPS32osbgXsgTx9Nw', 'bfe73e2c289f4eab82b2b82ba17c1396', '48595f52b22c44859244f4004255b972', '1', '1', '性能优化测试', '', 1584421265512, 1584421265512);
INSERT INTO `note` VALUES ('XwO2M2hXslVIv6GU0beweQ', 'bfe73e2c289f4eab82b2b82ba17c1396', '48595f52b22c44859244f4004255b972', '1', '1', '白盒测试', '', 1584421290057, 1584421290057);
INSERT INTO `note` VALUES ('a0eda0b97cab4fd3b70733faf074001f', 'b8080f1bbb1e4929853cb1cd1e2ff7a5', '39295a3dcc9b42b4b206a2e7fab7e77c', NULL, NULL, 'Hadoop', 'MapReduce 源码分析', 1402637108428, 1583551558813);
INSERT INTO `note` VALUES ('a200ec504111478597b3539115b61ed5', 'bfe73e2c289f4eab82b2b82ba17c1396', '52f9b27638ee447fa3aa0d54e7a736e4', NULL, NULL, 'Linux sed的高级用法介绍', '', 1403071618587, 1403071618587);
INSERT INTO `note` VALUES ('a4e006d9f332411ebdffd946a13ec0af', 'bfe73e2c289f4eab82b2b82ba17c1396', '48595f52b22c44859244f4004255b972', '2', '1', '自动化测试', '', 1553228007675, 1553228007675);
INSERT INTO `note` VALUES ('a84a221b280e471bbbfbbaaa69e1ed06', '8844559e9d93459ba9db2afcb8a592c8', '39295a3dcc9b42b4b206a2e7fab7e77c', NULL, NULL, 'lpsd', '', 1405676380515, 1405676380515);
INSERT INTO `note` VALUES ('a9c3f3329e0b44f29390e4897806be04', 'b8080f1bbb1e4929853cb1cd1e2ff7a5', '39295a3dcc9b42b4b206a2e7fab7e77c', NULL, NULL, 'Hadoop', 'MapReduce调度原理分析', 1402637142258, 1583551654408);
INSERT INTO `note` VALUES ('aXXuZB3xMKsajo89/CfHyw', 'bfe73e2c289f4eab82b2b82ba17c1396', '48595f52b22c44859244f4004255b972', '4', '1', '开发运维测试', '', 1584420957397, 1584420957397);
INSERT INTO `note` VALUES ('ad6b681e78ce4a9880249bf651fac900', '4b86d1f963454532bc50ee86442f004b', '39295a3dcc9b42b4b206a2e7fab7e77c', NULL, NULL, '机器学习', '', 1402538588389, 1402538588389);
INSERT INTO `note` VALUES ('ae254666ae5e45089ae0d54c0e840c6b', '009380f9f6634cdf817e5ef0257dc220', '39295a3dcc9b42b4b206a2e7fab7e77c', NULL, NULL, '大数据', '参加活动笔记--美滋滋~~~', 1402538643778, 1402538643778);
INSERT INTO `note` VALUES ('b0915c66c87940a38bc06265c77777ed', '516f6f4feaa34c7684ff530b92c7f64d', '48595f52b22c44859244f4004255b972', NULL, NULL, 'K8S深入理解', '测试标题笔记--为您启航~~~', 1403257746156, 1403257746156);
INSERT INTO `note` VALUES ('b160185b84d344068692df1b36310633', '516f6f4feaa34c7684ff530b92c7f64d', '48595f52b22c44859244f4004255b972', NULL, NULL, '微服务的服务拆分', '笔记笔记。。。', 1403253376516, 1403253376516);
INSERT INTO `note` VALUES ('b26649eedc414bca88d99fc2355f9a9e', 'bfe73e2c289f4eab82b2b82ba17c1396', '48595f52b22c44859244f4004255b972', '3', '1', 'Spring 源码分析', '', 1553227674720, 1553227674720);
INSERT INTO `note` VALUES ('bd502150c68748089438a3159f54a380', '64639e6292414efb874b01e97257cb6e', '333c6d0be4a245969902a5d98c2f665a', NULL, NULL, '人工智能应用前景', '', 1402883273532, 1402883273532);
INSERT INTO `note` VALUES ('bd66c7f45a994787a13b297add41f2ed', '516f6f4feaa34c7684ff530b92c7f64d', '48595f52b22c44859244f4004255b972', NULL, NULL, '并发编程的艺术', '笔记笔记。。。', 1403253344556, 1403253344556);
INSERT INTO `note` VALUES ('beb79886869744a4b736786aee1dc4ae', '6dc39e418c9e47919c1352a8e537fe64', '524f744072834b2d8af54a67570e892e', NULL, NULL, 'Android IOS应用开发', '', 0, 1402654823022);
INSERT INTO `note` VALUES ('c141800fa8f54350a7d3f67bb93dc67a', 'b8080f1bbb1e4929853cb1cd1e2ff7a5', '39295a3dcc9b42b4b206a2e7fab7e77c', NULL, NULL, 'Linux', 'Btree 文件系统详解', 1402637136906, 1583551426255);
INSERT INTO `note` VALUES ('c2615ac70db34359b8b55e12c5c6e871', 'bfe73e2c289f4eab82b2b82ba17c1396', '48595f52b22c44859244f4004255b972', '2', '1', 'netstat 和 ss详解', '', 1553228195405, 1553228195405);
INSERT INTO `note` VALUES ('c4b5baec3d364cb28a6d33dd4f0082c8', 'b800156e42b64ca6b1d416901635e431', '39295a3dcc9b42b4b206a2e7fab7e77c', NULL, NULL, '行锁vs表锁', '', 1412415824640, 1412415824640);
INSERT INTO `note` VALUES ('c7862663b1554556bdd71b8ef8decf55', '4b86d1f963454532bc50ee86442f004b', '39295a3dcc9b42b4b206a2e7fab7e77c', NULL, NULL, '乐观锁vs悲观锁', '', 1402538191489, 1402538191489);
INSERT INTO `note` VALUES ('cDd4aUGc+rPPDM9zz9G5pw', 'bfe73e2c289f4eab82b2b82ba17c1396', '48595f52b22c44859244f4004255b972', '1', '1', 'Web技术栈', '', 1583557016493, 1583557016493);
INSERT INTO `note` VALUES ('cNFEJS7DekdMR0bmz6K4aQ', 'bfe73e2c289f4eab82b2b82ba17c1396', '48595f52b22c44859244f4004255b972', '1', '1', '系统内核开发', '', 1583564550769, 1583564550769);
INSERT INTO `note` VALUES ('d3ded3ca4e7948fda501ea4df79936c1', '516f6f4feaa34c7684ff530b92c7f64d', '39295a3dcc9b42b4b206a2e7fab7e77c', NULL, NULL, '安装笔记', '首先配置环境~', 0, 1403070709726);
INSERT INTO `note` VALUES ('d45c0f175a6e4d6cba31701017ca0753', 'b8080f1bbb1e4929853cb1cd1e2ff7a5', '39295a3dcc9b42b4b206a2e7fab7e77c', NULL, NULL, 'Spark', 'Spark 底层核心RDD的缓存机制', 1402637127385, 1583551135936);
INSERT INTO `note` VALUES ('d501905530e84cdcbfac97c6bad9518f', '3e1e84eb924c4418a04db0e4347cf583', '39295a3dcc9b42b4b206a2e7fab7e77c', NULL, NULL, '黑客编程从入门到精通', '', 1402539293420, 1402539293420);
INSERT INTO `note` VALUES ('d68f570d51aa4585acdcea2c0e063a03', '6d763ac9dca342d7a2a7a08053095c08', '39295a3dcc9b42b4b206a2e7fab7e77c', NULL, NULL, 'Python Flask框架源码分析', '', 1402919345503, 1402919345503);
INSERT INTO `note` VALUES ('d85982abdd324c0d94d2649da47691d7', '20b4cbecbd554c219c413a11ada2b803', '39295a3dcc9b42b4b206a2e7fab7e77c', NULL, NULL, '设计模式详解', '', 1402902402726, 1402902402726);
INSERT INTO `note` VALUES ('d9fccea04abd47dea3e79b9a047bb7ca', 'b8080f1bbb1e4929853cb1cd1e2ff7a5', '39295a3dcc9b42b4b206a2e7fab7e77c', NULL, NULL, 'Python', 'Python Django', 1402637093133, 1583551335834);
INSERT INTO `note` VALUES ('db29d72534b4480d8d268438b81d4c0d', 'b8080f1bbb1e4929853cb1cd1e2ff7a5', '39295a3dcc9b42b4b206a2e7fab7e77c', NULL, NULL, '医学研究', '', 1402637153778, 1402637153778);
INSERT INTO `note` VALUES ('e0abeeb612904204b453c18c1210a921', 'a1669286b1714a06b2fc2dfe5afdb0ec', '39295a3dcc9b42b4b206a2e7fab7e77c', NULL, NULL, '东方飞', '', 1403079731435, 1403079731435);
INSERT INTO `note` VALUES ('e18e390dbe4246bb8028bbf684ac101b', '516f6f4feaa34c7684ff530b92c7f64d', '48595f52b22c44859244f4004255b972', NULL, NULL, 'Oracle 数据库高级用法', '笔记笔记。。。', 1403258346113, 1403258346113);
INSERT INTO `note` VALUES ('e5a9d662e14245eaabe4734554ad4639', '20b4cbecbd554c219c413a11ada2b803', '39295a3dcc9b42b4b206a2e7fab7e77c', NULL, NULL, '测试Linux笔记--学习Linux库函数和内核调用', '', 1402998258282, 1402998258282);
INSERT INTO `note` VALUES ('e5b828f4f45245feaac3684f1c933000', 'bfe73e2c289f4eab82b2b82ba17c1396', '48595f52b22c44859244f4004255b972', '2', '1', 'Php-嵌入式语言介绍', '', 1553226265278, 1553226265278);
INSERT INTO `note` VALUES ('e5bg6io7c2885d41bebd9a58176r5or7k25', '1db556b9d1dc4ed9827445cf0afbe859', 'bi8uf52b22c44859653f4004255b6yr4', '4', '1', '测试Andriod笔记--学习Android开发', '', 57369497025197, 42833583028479);
INSERT INTO `note` VALUES ('e5da2dc371464510af62b79a0ce7f4b8', 'bfe73e2c289f4eab82b2b82ba17c1396', '48595f52b22c44859244f4004255b972', '4', '1', '测试收藏笔记', '缓存雪崩 缓存穿透 缓存预热 缓存更新 缓存降级', 1553232344735, 1553232364098);
INSERT INTO `note` VALUES ('e7ad707064174362a3168d61dc004ebb', '6d763ac9dca342d7a2a7a08053095c08', '39295a3dcc9b42b4b206a2e7fab7e77c', NULL, NULL, 'MySQL 高可用集群部署', '', 1404865122090, 1404865122090);
INSERT INTO `note` VALUES ('e7cbaf1a591f4c61851701f8c160e23e', '1d46f5dbf5694c05bdba75106108fcba', '39295a3dcc9b42b4b206a2e7fab7e77c', NULL, NULL, '测试Nginx笔记--学习Nginx生态', '', 1402999042856, 1402999042856);
INSERT INTO `note` VALUES ('eacf1a7828634d818b36de23d21c23bc', '1d46f5dbf5694c05bdba75106108fcba', '39295a3dcc9b42b4b206a2e7fab7e77c', NULL, NULL, 'Redis从入门到精通', '', 1402919759335, 1402919759335);
INSERT INTO `note` VALUES ('ebd65da63f9045f9b045782928a5e2c0', 'fa8d3d9d2de54cfe845f951041bcc461', '524f744072834b2d8af54a67570e892e', '1', '1', '数据库分库分表', '测试参加活动笔记--妙不可言!~', 1402637035665, 1402637035665);
INSERT INTO `note` VALUES ('f113ba1324a04552a0d5a1ee65241cd2', '516f6f4feaa34c7684ff530b92c7f64d', '48595f52b22c44859244f4004255b972', NULL, NULL, 'Linux 三剑客 grep sed awk', '标题笔记--嘤嘤嘤~~~', 1403258304931, 1403258304931);
INSERT INTO `note` VALUES ('f7d347ba6d904475873de2fcf885a0d3', 'bfe73e2c289f4eab82b2b82ba17c1396', '48595f52b22c44859244f4004255b972', '2', '1', '笔芯笔记', '<p>23333</p>', 1553324457405, 1553324469480);
INSERT INTO `note` VALUES ('fed920a0573c46c8ae4e368397846efd', 'fa8d3d9d2de54cfe845f951041bcc461', '524f744072834b2d8af54a67570e892e', '1', '1', '接口幂等性', '', 1402637030385, 1402637030385);
INSERT INTO `note` VALUES ('fsafasdfasdfasdfdsa', '6d763ac9dca342d7a2a7a08053095c08', '39295a3dcc9b42b4b206a2e7fab7e77c', NULL, NULL, '高并发下数据安全', '111111', 1402539293420, 1402539293420);
INSERT INTO `note` VALUES ('gdf1d+8+VJdDEKwb9zuikA', '59b354f847ae437da4327d28736bd894', '48595f52b22c44859244f4004255b972', '1', '1', 'Hadoop大数据生态', '', 1585208996614, 1585208996614);
INSERT INTO `note` VALUES ('hypc6kpdal5mguc94uybqkgv9rcuhyxzp', 'bfe73e2c289f4eab82b2b82ba17c1396', '48595f52b22c44859244f4004255b972', '1', '1', 'Apache Zookeeper', 'Apache Zookeeper服务注册与发现', 1989325795497, 1989325795497);
INSERT INTO `note` VALUES ('iNlwJDQ42SiyPXBOvsC4NA', '59b354f847ae437da4327d28736bd894', '48595f52b22c44859244f4004255b972', '1', '1', 'Sqoop数据流分析', '', 1585212755761, 1585212755761);
INSERT INTO `note` VALUES ('kmcz9kpdal5m6ob94uylqkgv9rcumvgz', 'bfe73e2c289f4eab82b2b82ba17c1396', '48595f52b22c44859244f4004255b972', '1', '1', 'Nginx', 'Nginx反向的代理与负载均衡', 1999394395879, 1999394395879);
INSERT INTO `note` VALUES ('kp5baf1a36t7uc678yb941f8cutpe5rv', 'bfe73e2c289f4eab82b2b82ba17c1396', '48595f52b22c44859244f4004255b972', '1', '1', 'Java SE', '语法学习，熟悉API', 1683252794721, 1683252794721);
INSERT INTO `note` VALUES ('lf9baf1a38iguc678ybo7pf8cutrbyc', 'bfe73e2c289f4eab82b2b82ba17c1396', '48595f52b22c44859244f4004255b972', '1', '1', '面向对象OOP', '接口、类、对象', 19832528439783, 19832528439783);
INSERT INTO `note` VALUES ('lro8kpda38iguc94uybqspg9rcuhguie', 'bfe73e2c289f4eab82b2b82ba17c1396', '48595f52b22c44859244f4004255b972', '1', '1', 'Mybatis', 'Mybatis源码分析', 19783257953936, 19783257953936);
INSERT INTO `note` VALUES ('opt8ef1a38iguc678ybaspg9rcuthgpo', 'bfe73e2c289f4eab82b2b82ba17c1396', '48595f52b22c44859244f4004255b972', '1', '1', 'Linux', 'Linux常见命令大全', 19703252843689, 19703252843689);
INSERT INTO `note` VALUES ('ph5baf1a36tf4c67855941f8c160e5r9', '4y9f6f4feaa34c2884ff530b35c7fg8y', '48595f52b22c44859244f4004255b972', '1', '1', '记录学习的笔记~', '每天都在进步真好!~', 1553159856489, 1553159856489);
INSERT INTO `note` VALUES ('ptk9rh1a38iguc678ybcnlg9rcuthdhp', 'bfe73e2c289f4eab82b2b82ba17c1396', '48595f52b22c44859244f4004255b972', '1', '1', 'Spring', 'Spring源码分析', 19983252843497, 19983252843497);
INSERT INTO `note` VALUES ('py9tuf1a38iguc678ybpspf8cuthkdf', 'bfe73e2c289f4eab82b2b82ba17c1396', '48595f52b22c44859244f4004255b972', '1', '1', 'MySQL日志级别', '<p><span style=\"white-space: normal;\">错误日志&nbsp;中继日志&nbsp;二进制日志&nbsp;慢查询日志&nbsp; 常规日志</span></p>', 19532528439958, 1584431650816);
INSERT INTO `note` VALUES ('ss1905530e84cdcbfac97c6bad9518f', '6d763ac9dca342d7a2a7a08053095c08', '39295a3dcc9b42b4b206a2e7fab7e77c', NULL, NULL, 'MySQL ACID特性详解', '2222', 1402539293420, 1402539293420);
INSERT INTO `note` VALUES ('t65p6io7c2885d41bebd9a581763148jiy8', '1db556b9d1dc4ed9827445cf0afbe859', '9hl35f52b22c44859244f5642955br8q', '1', '1', '测试C++笔记--学习C++', '', 257959302473, 65899983021938);
INSERT INTO `note` VALUES ('tGSflpnX79z1DuH4ucS5vA', '59b354f847ae437da4327d28736bd894', '48595f52b22c44859244f4004255b972', '1', '1', 'flink流式计算', '', 1585207589857, 1585207589857);
INSERT INTO `note` VALUES ('u0GCwSQMvjhJGqqzGc39qQ', 'bfe73e2c289f4eab82b2b82ba17c1396', '48595f52b22c44859244f4004255b972', '2', '1', '单元测试笔记', '', 1583982932045, 1583982932045);
INSERT INTO `note` VALUES ('uibE8jFMHhDJDPK3pBjIEg', 'bfe73e2c289f4eab82b2b82ba17c1396', '48595f52b22c44859244f4004255b972', '1', '1', '黑盒测试', '', 1584421312033, 1584421312033);
INSERT INTO `note` VALUES ('wq96io7c2885d41bebd9a58176313r8v5o', '1db556b9d1dc4ed9827445cf0afbe859', '8f5y5f52b22c44859244f4004255b9ge', '1', '1', '测试Php笔记--学习Php', '', 5492998302279, 8469983024276);

-- ----------------------------
-- Table structure for note_status
-- ----------------------------
DROP TABLE IF EXISTS `note_status`;
CREATE TABLE `note_status`  (
  `note_status_id` varchar(40) CHARACTER SET utf8 COLLATE utf8_bin NOT NULL COMMENT '笔记状态ID',
  `note_status_type` varchar(10) CHARACTER SET utf8 COLLATE utf8_bin NULL DEFAULT NULL COMMENT '笔记状态Code',
  `note_status_name` varchar(100) CHARACTER SET utf8 COLLATE utf8_bin NULL DEFAULT NULL COMMENT '笔记状态名字',
  PRIMARY KEY (`note_status_id`) USING BTREE
) ENGINE = InnoDB CHARACTER set utf8mb4 collate utf8mb4_unicode_ci ROW_FORMAT = Dynamic;

-- ----------------------------
-- Records of note_status
-- ----------------------------
INSERT INTO `note_status` VALUES ('1', 'normal', 'normal');

-- ----------------------------
-- Table structure for note_type
-- ----------------------------
DROP TABLE IF EXISTS `note_type`;
CREATE TABLE `note_type`  (
  `note_type_id` varchar(40) CHARACTER SET utf8 COLLATE utf8_bin NOT NULL COMMENT '笔记本类型ID',
  `note_type_status` varchar(40) CHARACTER SET utf8 COLLATE utf8_bin NOT NULL COMMENT '笔记本类型状态',
  `note_type_name` varchar(100) CHARACTER SET utf8 COLLATE utf8_bin NOT NULL COMMENT '笔记本类型名称',
  `note_type_desc` varchar(500) CHARACTER SET utf8 COLLATE utf8_bin NULL DEFAULT NULL COMMENT '笔记本类型说明',
  PRIMARY KEY (`note_type_id`) USING BTREE
) ENGINE = InnoDB CHARACTER set utf8mb4 collate utf8mb4_unicode_ci ROW_FORMAT = Dynamic;

-- ----------------------------
-- Records of note_type
-- ----------------------------
INSERT INTO `note_type` VALUES ('1', 'normal', 'normal', NULL);

-- ----------------------------
-- Table structure for notebook
-- ----------------------------
DROP TABLE IF EXISTS `notebook`;
CREATE TABLE `notebook`  (
  `notebook_id` varchar(40) CHARACTER SET utf8 COLLATE utf8_bin NOT NULL COMMENT '笔记本ID',
  `user_id` varchar(40) CHARACTER SET utf8 COLLATE utf8_bin NOT NULL COMMENT '用户ID',
  `notebook_type_id` varchar(10) CHARACTER SET utf8 COLLATE utf8_bin NULL DEFAULT NULL COMMENT '笔记本类型ID',
  `notebook_name` varchar(100) CHARACTER SET utf8 COLLATE utf8_bin NOT NULL COMMENT '笔记本名',
  `notebook_desc` varchar(500) CHARACTER SET utf8 COLLATE utf8_bin NULL DEFAULT NULL COMMENT '笔记本说明',
  `notebook_create_time` timestamp(0) NOT NULL ON UPDATE CURRENT_TIMESTAMP(0) COMMENT '笔记本创建时间',
  PRIMARY KEY (`notebook_id`) USING BTREE,
  INDEX `FK_Note_user_Reference`(`user_id`) USING BTREE,
  INDEX `FK_Reference_6`(`notebook_type_id`) USING BTREE
) ENGINE = InnoDB CHARACTER set utf8mb4 collate utf8mb4_unicode_ci ROW_FORMAT = Dynamic;

-- ----------------------------
-- Records of notebook
-- ----------------------------
INSERT INTO `notebook` VALUES ('/Ibelx/TCgjeQf5DlVHVEA', '48595f52b22c44859244f4004255b972', '1', '人工智能', NULL, '2020-03-07 16:09:59');
INSERT INTO `notebook` VALUES ('0037215c09fe4eaaaeb525a340c6b39b', '52f9b27638ee447fa3aa0d54e7a736e4', '5', 'wsf', NULL, '2020-03-06 16:55:23');
INSERT INTO `notebook` VALUES ('01e24d8915ab4b6abf6f2e5ad10b2041', '39295a3dcc9b42b4b206a2e7fab7e77c', '5', '笔记本1111', NULL, '2020-03-06 16:55:23');
INSERT INTO `notebook` VALUES ('049d4cd3943b4fc097cf520cd788fe85', '39295a3dcc9b42b4b206a2e7fab7e77c', '5', '笔记本1', NULL, '2020-03-06 16:55:23');
INSERT INTO `notebook` VALUES ('0b11444aa6d645ff8d46282afaa6a655', '39295a3dcc9b42b4b206a2e7fab7e77c', '5', '笔记本1', NULL, '2020-03-06 16:55:23');
INSERT INTO `notebook` VALUES ('0cd947784d52486da35d263b3cfe6de9', '39295a3dcc9b42b4b206a2e7fab7e77c', '5', 'favorites', NULL, '2020-03-14 10:38:28');
INSERT INTO `notebook` VALUES ('12119052874c4341b85d6529e171ed83', '48595f52b22c44859244f4004255b972', '5', '性能调优', NULL, '2020-03-07 14:08:34');
INSERT INTO `notebook` VALUES ('1755013b05fc421883cf956287a81b49', 'ea09d9b1ede74bd8b43da546680df00b', '4', 'push', NULL, '2020-03-06 16:55:23');
INSERT INTO `notebook` VALUES ('1b05c9c7f1cd4842beae15ed95a1febb', '03590914a9344da9ba4db41799f917d1', '3', 'action', NULL, '2020-03-06 16:55:23');
INSERT INTO `notebook` VALUES ('1d46f5dbf5694c05bdba75106108fcba', '39295a3dcc9b42b4b206a2e7fab7e77c', '1', 'favorites', NULL, '2020-03-06 16:55:23');
INSERT INTO `notebook` VALUES ('1db556b9d1dc4ed9827445cf0afbe859', '48595f52b22c44859244f4004255b972', '3', '黑客编程', NULL, '2020-03-07 14:06:40');
INSERT INTO `notebook` VALUES ('1ea715252a724115abb0197b78e92f29', '524f744072834b2d8af54a67570e892e', '5', 'favorites', NULL, '2020-03-14 10:37:38');
INSERT INTO `notebook` VALUES ('1ecf916f61b8409a81731e548ac65d89', 'ea09d9b1ede74bd8b43da546680df00b', '3', 'action', NULL, '2020-03-06 16:55:23');
INSERT INTO `notebook` VALUES ('1fdb7adb5da041f78f4e5a512dbed9fc', '52f9b27638ee447fa3aa0d54e7a736e4', '4', 'push', NULL, '2020-03-06 16:55:23');
INSERT INTO `notebook` VALUES ('20b4cbecbd554c219c413a11ada2b803', '39295a3dcc9b42b4b206a2e7fab7e77c', '3', 'action', NULL, '2020-03-06 16:55:23');
INSERT INTO `notebook` VALUES ('2a4ca5bb307341949d4e5db0ec5c0998', '48595f52b22c44859244f4004255b972', '2', 'Python', NULL, '2020-03-07 14:04:29');
INSERT INTO `notebook` VALUES ('2c0bda01b6bb48b392e589f42cda6d27', '333c6d0be4a245969902a5d98c2f665a', '4', 'push', NULL, '2020-03-06 16:55:23');
INSERT INTO `notebook` VALUES ('4acb305b5def47ae8832c2a188662085', '39295a3dcc9b42b4b206a2e7fab7e77c', '4', 'push', NULL, '2020-03-06 16:55:23');
INSERT INTO `notebook` VALUES ('516f6f4feaa34c7684ff530b92c7f64d', '39295a3dcc9b42b4b206a2e7fab7e77c', '5', 'hadoop', NULL, '2020-03-06 16:55:23');
INSERT INTO `notebook` VALUES ('5612df0f2b3a4a8c8df7e1de67b6abcd', '39295a3dcc9b42b4b206a2e7fab7e77c', '5', 'time_test', NULL, '2020-03-06 16:55:23');
INSERT INTO `notebook` VALUES ('59b354f847ae437da4327d28736bd894', '48595f52b22c44859244f4004255b972', '5', '大数据', NULL, '2020-03-07 14:07:25');
INSERT INTO `notebook` VALUES ('64639e6292414efb874b01e97257cb6e', '333c6d0be4a245969902a5d98c2f665a', '5', 'test_1', NULL, '2020-03-06 16:55:23');
INSERT INTO `notebook` VALUES ('6666666666666666666666666666666666', '524f744072834b2d8af54a67570e892e', '3', 'avtion', NULL, '2020-03-06 16:55:23');
INSERT INTO `notebook` VALUES ('6d763ac9dca342d7a2a7a08053095c08', '39295a3dcc9b42b4b206a2e7fab7e77c', '2', 'recycle', NULL, '2020-03-06 16:55:23');
INSERT INTO `notebook` VALUES ('6dc39e418c9e47919c1352a8e537fe64', '524f744072834b2d8af54a67570e892e', '5', '测试笔记本--2', NULL, '2020-03-06 16:55:23');
INSERT INTO `notebook` VALUES ('738202b041de4aee92785f2134091ae2', '333c6d0be4a245969902a5d98c2f665a', '3', 'action', NULL, '2020-03-06 16:55:23');
INSERT INTO `notebook` VALUES ('8844559e9d93459ba9db2afcb8a592c8', '39295a3dcc9b42b4b206a2e7fab7e77c', '5', 'klsfj', NULL, '2020-03-06 16:55:23');
INSERT INTO `notebook` VALUES ('885bbeabab124048adb2c6fd9c3e9be8', '03590914a9344da9ba4db41799f917d1', '2', 'recycle', NULL, '2020-03-06 16:55:23');
INSERT INTO `notebook` VALUES ('8888888888888888888888888888888888', '524f744072834b2d8af54a67570e892e', '1', 'favorites', NULL, '2020-03-06 16:55:23');
INSERT INTO `notebook` VALUES ('8be77c363cd54727a8a9071316a2eb11', '39295a3dcc9b42b4b206a2e7fab7e77c', '5', 'zhoujia-111', NULL, '2020-03-06 16:55:23');
INSERT INTO `notebook` VALUES ('9473071620024952ba23aeb1e92ea00a', '52f9b27638ee447fa3aa0d54e7a736e4', '1', 'favorites', NULL, '2020-03-06 16:55:23');
INSERT INTO `notebook` VALUES ('97a87189c6614a148081faf011904499', '03590914a9344da9ba4db41799f917d1', '4', 'push', NULL, '2020-03-06 16:55:23');
INSERT INTO `notebook` VALUES ('9999999999999999999999999999999999', '524f744072834b2d8af54a67570e892e', '2', 'recycle', NULL, '2020-03-06 16:55:23');
INSERT INTO `notebook` VALUES ('9c68ca1a830f4a81a8ecd148d2df4f7f', '39295a3dcc9b42b4b206a2e7fab7e77c', '5', 'favorites', NULL, '2020-03-14 10:37:55');
INSERT INTO `notebook` VALUES ('WQ2vgrXr46n3PwN5R+0sQA', '48595f52b22c44859244f4004255b972', '1', '图像处理', NULL, '2020-03-08 12:21:32');
INSERT INTO `notebook` VALUES ('a1358ecebd3048a2a53c0fe195609fd2', '39295a3dcc9b42b4b206a2e7fab7e77c', '5', 'wsf', NULL, '2020-03-06 16:55:23');
INSERT INTO `notebook` VALUES ('a1669286b1714a06b2fc2dfe5afdb0ec', '39295a3dcc9b42b4b206a2e7fab7e77c', '5', 'Hello', NULL, '2020-03-06 16:55:23');
INSERT INTO `notebook` VALUES ('a20ac761c1eb462a8ed9c0a9fb412e70', '03590914a9344da9ba4db41799f917d1', '1', 'favorites', NULL, '2020-03-06 16:55:23');
INSERT INTO `notebook` VALUES ('a248decc0fb6402c83e9ea33a276968a', '333c6d0be4a245969902a5d98c2f665a', '1', 'favorites', NULL, '2020-03-06 16:55:23');
INSERT INTO `notebook` VALUES ('ab2a20588d8f41a1b7c4b4a7b6f95fc3', '333c6d0be4a245969902a5d98c2f665a', '2', 'recycle', NULL, '2020-03-06 16:55:23');
INSERT INTO `notebook` VALUES ('b6887c05731640888d67c451f1474575', 'ea09d9b1ede74bd8b43da546680df00b', '5', '笔记1', NULL, '2020-03-06 16:55:23');
INSERT INTO `notebook` VALUES ('b800156e42b64ca6b1d416901635e431', '39295a3dcc9b42b4b206a2e7fab7e77c', '5', 'king', NULL, '2020-03-06 16:55:23');
INSERT INTO `notebook` VALUES ('bfe73e2c289f4eab82b2b82ba17c1396', '48595f52b22c44859244f4004255b972', '4', 'Java', NULL, '2020-03-06 21:13:42');
INSERT INTO `notebook` VALUES ('c7f7fcdb37c04d048dea99123c672d4a', '524f744072834b2d8af54a67570e892e', '5', '奇妙世界', NULL, '2020-03-06 17:49:19');
INSERT INTO `notebook` VALUES ('c8d81ee5f8cd49e8b2e6ab174a926d95', '48595f52b22c44859244f4004255b972', '5', 'JVM底层原理剖析', NULL, '2020-03-06 20:20:13');
INSERT INTO `notebook` VALUES ('cce17f116b904a1787a274df0f5d4991', 'ea09d9b1ede74bd8b43da546680df00b', '5', '笔记2', NULL, '2020-03-06 16:55:23');
INSERT INTO `notebook` VALUES ('d0b0727fa2334a1f8600f49fc1f25bc9', '48595f52b22c44859244f4004255b972', '1', 'Php', NULL, '2020-03-07 14:06:02');
INSERT INTO `notebook` VALUES ('d92e6b86e48a485d8f1104a93818bb42', '48595f52b22c44859244f4004255b972', '5', 'Apache Zookeeper服务注册与发现', NULL, '2020-03-06 20:16:39');
INSERT INTO `notebook` VALUES ('db31c93f957f4f3cae67cd443d5c0d06', 'ea09d9b1ede74bd8b43da546680df00b', '1', 'favorites', NULL, '2020-03-06 16:55:23');
INSERT INTO `notebook` VALUES ('dd7fd38c3d224206bcdd324c1cb8983b', '52f9b27638ee447fa3aa0d54e7a736e4', '3', 'action', NULL, '2020-03-06 16:55:23');
INSERT INTO `notebook` VALUES ('e46239d64f54426ca448f7a0d45f9425', 'ea09d9b1ede74bd8b43da546680df00b', '2', 'recycle', NULL, '2020-03-06 16:55:23');
INSERT INTO `notebook` VALUES ('edh73e2c289f4eab24b2b82ba17c1363', '48595f52b22c44859244f4004255b972', '1', 'CentOS系统开机流程详解', '虚拟技术解读', '2020-03-11 00:24:43');
INSERT INTO `notebook` VALUES ('f34edc18df1e4a329fa6242e4729481d', '39295a3dcc9b42b4b206a2e7fab7e77c', '5', 'king', NULL, '2020-03-06 17:50:03');
INSERT INTO `notebook` VALUES ('f45f368b6558426ea58ea7b819d29ca9', '52f9b27638ee447fa3aa0d54e7a736e4', '2', 'recycle', NULL, '2020-03-06 16:55:23');
INSERT INTO `notebook` VALUES ('fa8d3d9d2de54cfe845f951041bcc461', '524f744072834b2d8af54a67570e892e', '5', '测试笔记本--3', NULL, '2020-03-06 16:55:23');
INSERT INTO `notebook` VALUES ('k9r87c05qu1640ip8d67c451f14745yo', '48595f52b22c44859244f4004255b972', '1', '深入理解Java虚拟机', '升职加薪必备技能', '2020-03-06 19:33:40');
INSERT INTO `notebook` VALUES ('mMiWG+DG7+yXYEqHniVkeg', '9863f74472839b2h8uf54a6757we372t', '1', 'Java', NULL, '2020-03-18 11:07:36');
INSERT INTO `notebook` VALUES ('sN0tgtiJNqJN+Z3tcDTn3Q', '9863f74472839b2h8uf54a6757we372t', '1', 'Python', NULL, '2020-03-18 11:07:43');
INSERT INTO `notebook` VALUES ('yAiOqlfYfw8B+SyifOS7RQ', '48595f52b22c44859244f4004255b972', '1', '机器学习', NULL, '2020-03-07 22:05:37');

-- ----------------------------
-- Table structure for notebook_type
-- ----------------------------
DROP TABLE IF EXISTS `notebook_type`;
CREATE TABLE `notebook_type`  (
  `notebook_type_id` varchar(40) CHARACTER SET utf8 COLLATE utf8_bin NOT NULL COMMENT '笔记本类型ID',
  `notebook_type_status` varchar(40) CHARACTER SET utf8 COLLATE utf8_bin NOT NULL COMMENT '笔记本类型Code',
  `notebook_type_name` varchar(100) CHARACTER SET utf8 COLLATE utf8_bin NOT NULL COMMENT '笔记本类型名称',
  `notebook_type_desc` varchar(500) CHARACTER SET utf8 COLLATE utf8_bin NULL DEFAULT NULL COMMENT '笔记本类型说明',
  PRIMARY KEY (`notebook_type_id`) USING BTREE
) ENGINE = InnoDB CHARACTER set utf8mb4 collate utf8mb4_unicode_ci ROW_FORMAT = Dynamic;

-- ----------------------------
-- Records of notebook_type
-- ----------------------------
INSERT INTO `notebook_type` VALUES ('1', 'favorites', 'favorites', '收藏');
INSERT INTO `notebook_type` VALUES ('2', 'recycle', 'recycle', '回收站');
INSERT INTO `notebook_type` VALUES ('3', 'action', 'action', '活动');
INSERT INTO `notebook_type` VALUES ('4', 'push', 'push', '推送');
INSERT INTO `notebook_type` VALUES ('5', 'normal', 'normal', '正常');

-- ----------------------------
-- Table structure for share
-- ----------------------------
DROP TABLE IF EXISTS `share`;
CREATE TABLE `share`  (
  `share_id` varchar(40) CHARACTER SET utf8 COLLATE utf8_bin NOT NULL COMMENT '共享ID',
  `note_id` varchar(40) CHARACTER SET utf8 COLLATE utf8_bin NOT NULL COMMENT '笔记id',
  `share_title` varchar(100) CHARACTER SET utf8 COLLATE utf8_bin NOT NULL COMMENT '共享标题',
  `share_body` varchar(500) CHARACTER SET utf8 COLLATE utf8_bin NULL DEFAULT NULL COMMENT '共享内容',
  PRIMARY KEY (`share_id`) USING BTREE
) ENGINE = InnoDB CHARACTER set utf8mb4 collate utf8mb4_unicode_ci ROW_FORMAT = Dynamic;

-- ----------------------------
-- Records of share
-- ----------------------------
INSERT INTO `share` VALUES ('/2n7BHLFwLslcI/EMiY/9A', '7kdm9e15096e4dbvz5afef428c14l6h937', '算法高级', '递归、回溯、贪心算法、动态规划');
INSERT INTO `share` VALUES ('24a7fe4358274817936ed760422e35c1', 'e5bg6io7c2885d41bebd9a58176r5or7k25', '测试Android笔记--学习Andriod开发', '');
INSERT INTO `share` VALUES ('2f017a5350644464830d3bf3a6bc79cb', '4n6p6io7c2885d41bebd9a58176r5or8n2a', '持续交付--交付测试', '');
INSERT INTO `share` VALUES ('49d8216ad2194274bd4e7e58bb6cd762', '5t9e6io7c2885d41bebd9a58176313r8i63', '测试JAVA笔记--学习Java', '');
INSERT INTO `share` VALUES ('4Mmemx5W+FsYqMuDm5b4SQ', '23b5d235efc0493e9b34e791adeeadb4', '深入理解Linux内核', '');
INSERT INTO `share` VALUES ('6QEvgKnjPFrQT4YsLrnAlg', 'py9tuf1a38iguc678ybpspf8cuthkdf', 'MySQL', 'B+树原理及应用');
INSERT INTO `share` VALUES ('79d8528951e3482fa00b8db3a82a590d', 't65p6io7c2885d41bebd9a581763148jiy8', '测试C++笔记--学习C++', '');
INSERT INTO `share` VALUES ('9d51305abfc7449092035c599aac5023', '9k6t6io7c2885d41bebd9a58176313r8i52', '测试C语言笔记--学习C语言开发', '');
INSERT INTO `share` VALUES ('ELAAdiNsN0fiqBV4T2I9IQ', 'opt8ef1a38iguc678ybaspg9rcuthgpo', 'Linux', 'Linux常见命令大全');
INSERT INTO `share` VALUES ('JGurUJYjimQFM8GoGxd8pg', 'hypc6kpdal5mguc94uybqkgv9rcuhyxzp', 'Apache Zookeeper', 'Apache Zookeeper服务注册与发现');
INSERT INTO `share` VALUES ('MAjZBH+pVOulSdV8JDkAGw', 'e5da2dc371464510af62b79a0ce7f4b8', '测试收藏笔记', '缓存雪崩 缓存穿透 缓存预热 缓存更新 缓存降级');
INSERT INTO `share` VALUES ('Q20E2lXAlQFJSPgy2EHf0A', 'aXXuZB3xMKsajo89/CfHyw', '开发运维测试', '');
INSERT INTO `share` VALUES ('aa4a34c230d5473baa53055e10e97dfb', '148800c2885d41bebd9a581763138074', '单元测试--模块化测试', '');
INSERT INTO `share` VALUES ('b5cb6b6fb53e44459875849c28f8bea8', '148800c2885d41bebd9a581763138074', '测试Java进阶--学习Java类加载机制和双亲委派模', '');
INSERT INTO `share` VALUES ('c5871cbdb36f4e0ba62d5b5d4b75c7fa', '5y9t6io7c2885d5op3bd9a58176r5orw5h9', '测试移动开发笔记--学习移动开发', '');
INSERT INTO `share` VALUES ('d032fe988a414c97952cfdf550dda9f5', '792t6io7c2885d41bebd9a58176r5or5h9p', '测试Python笔记--学习Python', '');
INSERT INTO `share` VALUES ('d539984e733b4318885b2c34659bcf2b', '8i6t6io7c2885d498ybd9a58176r5orgr8l', '测试Web笔记--学习网页开发', '');
INSERT INTO `share` VALUES ('d6324c15a4694eaaa12d8b7bcf181760', '5t9e6io7c2885d41bebd9a58176313r8i63', '测试Centos--Centos系统开机流程详解', '');
INSERT INTO `share` VALUES ('f3245948d43d4e8e9a4a37d36e964cea', 'wq96io7c2885d41bebd9a58176313r8v5o', '测试Php笔记--学习Php', '');
INSERT INTO `share` VALUES ('huylstNkfAFXIcu6fQkkzA', 'HSAPlrI+pbyyYolRjDJ5OQ', 'Linux kernel内核参数详解', '');
INSERT INTO `share` VALUES ('oLOd4qEqrLtZMn28XqlCXg', 'kmcz9kpdal5m6ob94uylqkgv9rcumvgz', 'Nginx', 'Nginx反向的代理与负载均衡');

-- ----------------------------
-- Table structure for sys_log
-- ----------------------------
DROP TABLE IF EXISTS `sys_log`;
CREATE TABLE `sys_log`  (
  `log_id` bigint(20) NOT NULL COMMENT '日志ID',
  `user_name` varchar(40) CHARACTER SET utf8mb4 COLLATE utf8mb4_general_ci NULL DEFAULT NULL COMMENT '用户名',
  `class_name` varchar(200) CHARACTER SET utf8mb4 COLLATE utf8mb4_general_ci NULL DEFAULT NULL COMMENT '类名',
  `method_name` varchar(40) CHARACTER SET utf8mb4 COLLATE utf8mb4_general_ci NULL DEFAULT NULL COMMENT '方法名',
  `create_time` timestamp(0) NOT NULL DEFAULT CURRENT_TIMESTAMP ON UPDATE CURRENT_TIMESTAMP(0) COMMENT '访问时间',
  `ip` varchar(50) CHARACTER SET utf8mb4 COLLATE utf8mb4_general_ci NULL DEFAULT NULL COMMENT '访问ip',
  `method` varchar(10) CHARACTER SET utf8mb4 COLLATE utf8mb4_general_ci NULL DEFAULT NULL COMMENT '请求方式',
  `times` int(11) NOT NULL COMMENT '耗时',
  PRIMARY KEY (`log_id`) USING BTREE
) ENGINE = InnoDB AUTO_INCREMENT = 65 CHARACTER SET = utf8mb4 COLLATE = utf8mb4_general_ci COMMENT = '系统日志' ROW_FORMAT = Dynamic;

-- ----------------------------
-- Records of sys_log
-- ----------------------------
INSERT INTO `sys_log` VALUES (1, 'org.springframework.beans.factory.xml.XmlBeanDefinitionReader', 'loadBeanDefinitions', '2020-03-28 04:50:20', 'INFO', 'Loading XML bean definitions from file [F:apache-tomcat-9.0.27wtpwebappsins_noteWEB-INFclassesconfspring-aop.xml]');
INSERT INTO `sys_log` VALUES (2, 'org.springframework.beans.factory.xml.XmlBeanDefinitionReader', 'loadBeanDefinitions', '2020-03-28 04:50:22', 'INFO', 'Loading XML bean definitions from file [F:apache-tomcat-9.0.27wtpwebappsins_noteWEB-INFclassesconfspring-mvc.xml]');
INSERT INTO `sys_log` VALUES (3, 'org.springframework.beans.factory.xml.XmlBeanDefinitionReader', 'loadBeanDefinitions', '2020-03-28 04:50:22', 'INFO', 'Loading XML bean definitions from file [F:apache-tomcat-9.0.27wtpwebappsins_noteWEB-INFclassesconfspring-mybatis.xml]');
INSERT INTO `sys_log` VALUES (4, 'org.springframework.beans.factory.xml.XmlBeanDefinitionReader', 'loadBeanDefinitions', '2020-03-28 04:50:22', 'INFO', 'Loading XML bean definitions from file [F:apache-tomcat-9.0.27wtpwebappsins_noteWEB-INFclassesconfspring-transaction.xml]');
INSERT INTO `sys_log` VALUES (5, 'org.springframework.web.servlet.handler.AbstractHandlerMethodMapping', 'registerHandlerMethod', '2020-03-28 04:50:27', 'INFO', 'Mapped \"{[/note/load_favor_note.do],methods=[],params=[],headers=[],consumes=[],produces=[],custom=[]}\" onto public com.sicau.ins_note.util.NoteResult<com.sicau.ins_note.dataobject.Note> com.sicau.ins_note.controller.LoadFavorNoteController.execute(java.lang.String)');
INSERT INTO `sys_log` VALUES (6, 'org.springframework.web.servlet.handler.AbstractHandlerMethodMapping', 'registerHandlerMethod', '2020-03-28 04:50:27', 'INFO', 'Mapped \"{[/note/loadFavorNotes.do],methods=[],params=[],headers=[],consumes=[],produces=[],custom=[]}\" onto public com.sicau.ins_note.util.NoteResult<java.util.List<java.util.Map<com.sicau.ins_note.dataobject.Note, java.lang.Object>>> com.sicau.ins_note.controller.LoadFavorNotesController.execute(java.lang.String)');
INSERT INTO `sys_log` VALUES (7, 'org.springframework.web.servlet.handler.AbstractHandlerMethodMapping', 'registerHandlerMethod', '2020-03-28 04:50:27', 'INFO', 'Mapped \"{[/sharenote/load_favor_share_note.do],methods=[],params=[],headers=[],consumes=[],produces=[],custom=[]}\" onto public com.sicau.ins_note.util.NoteResult<com.sicau.ins_note.dataobject.Note> com.sicau.ins_note.controller.LoadFavorShareNoteController.execute(java.lang.String)');
INSERT INTO `sys_log` VALUES (8, 'org.springframework.web.servlet.handler.AbstractHandlerMethodMapping', 'registerHandlerMethod', '2020-03-28 04:50:27', 'INFO', 'Mapped \"{[/sharenote/loadFavorShareNotes.do],methods=[],params=[],headers=[],consumes=[],produces=[],custom=[]}\" onto public com.sicau.ins_note.util.NoteResult<java.util.List<java.util.Map<com.sicau.ins_note.dataobject.Note, java.lang.Object>>> com.sicau.ins_note.controller.LoadFavorShareNotesController.execute(java.lang.String)');
INSERT INTO `sys_log` VALUES (9, 'org.springframework.web.servlet.handler.AbstractHandlerMethodMapping', 'registerHandlerMethod', '2020-03-28 04:50:27', 'INFO', 'Mapped \"{[/note/add.do],methods=[],params=[],headers=[],consumes=[],produces=[],custom=[]}\" onto public com.sicau.ins_note.util.NoteResult<com.sicau.ins_note.dataobject.Note> com.sicau.ins_note.controller.note.AddNoteController.execute(java.lang.String,java.lang.String,java.lang.String)');
INSERT INTO `sys_log` VALUES (10, 'org.springframework.web.servlet.handler.AbstractHandlerMethodMapping', 'registerHandlerMethod', '2020-03-28 04:50:27', 'INFO', 'Mapped \"{[/note/deleteRecycleNote.do],methods=[],params=[],headers=[],consumes=[],produces=[],custom=[]}\" onto public com.sicau.ins_note.util.NoteResult<java.lang.Object> com.sicau.ins_note.controller.note.DeleteRecycleNoteController.execute(java.lang.String)');
INSERT INTO `sys_log` VALUES (11, 'org.springframework.web.servlet.handler.AbstractHandlerMethodMapping', 'registerHandlerMethod', '2020-03-28 04:50:27', 'INFO', 'Mapped \"{[/note/favorNote.do],methods=[],params=[],headers=[],consumes=[],produces=[],custom=[]}\" onto public com.sicau.ins_note.util.NoteResult<com.sicau.ins_note.dataobject.Note> com.sicau.ins_note.controller.note.FavorNoteController.execute(java.lang.String)');
INSERT INTO `sys_log` VALUES (12, 'org.springframework.web.servlet.handler.AbstractHandlerMethodMapping', 'registerHandlerMethod', '2020-03-28 04:50:27', 'INFO', 'Mapped \"{[/note/loadDeleteNotes.do],methods=[],params=[],headers=[],consumes=[],produces=[],custom=[]}\" onto public com.sicau.ins_note.util.NoteResult<java.util.List<java.util.Map>> com.sicau.ins_note.controller.note.LoadDeleteNotesController.execute(java.lang.String)');
INSERT INTO `sys_log` VALUES (13, 'org.springframework.web.servlet.handler.AbstractHandlerMethodMapping', 'registerHandlerMethod', '2020-03-28 04:50:27', 'INFO', 'Mapped \"{[/note/load.do],methods=[],params=[],headers=[],consumes=[],produces=[],custom=[]}\" onto public com.sicau.ins_note.util.NoteResult<com.sicau.ins_note.dataobject.Note> com.sicau.ins_note.controller.note.LoadNoteController.execute(java.lang.String)');
INSERT INTO `sys_log` VALUES (14, 'org.springframework.web.servlet.handler.AbstractHandlerMethodMapping', 'registerHandlerMethod', '2020-03-28 04:50:27', 'INFO', 'Mapped \"{[/note/loadnotes.do],methods=[],params=[],headers=[],consumes=[],produces=[],custom=[]}\" onto public com.sicau.ins_note.util.NoteResult<java.util.List<java.util.Map<java.lang.String, java.lang.Object>>> com.sicau.ins_note.controller.note.LoadNotesController.execute(java.lang.String)');
INSERT INTO `sys_log` VALUES (15, 'org.springframework.web.servlet.handler.AbstractHandlerMethodMapping', 'registerHandlerMethod', '2020-03-28 04:50:27', 'INFO', 'Mapped \"{[/note/load_recycle_note.do],methods=[],params=[],headers=[],consumes=[],produces=[],custom=[]}\" onto public com.sicau.ins_note.util.NoteResult<com.sicau.ins_note.dataobject.Note> com.sicau.ins_note.controller.note.LoadRecycleNoteController.execute(java.lang.String)');
INSERT INTO `sys_log` VALUES (16, 'org.springframework.web.servlet.handler.AbstractHandlerMethodMapping', 'registerHandlerMethod', '2020-03-28 04:50:27', 'INFO', 'Mapped \"{[/note/move.do],methods=[],params=[],headers=[],consumes=[],produces=[],custom=[]}\" onto public com.sicau.ins_note.util.NoteResult<com.sicau.ins_note.dataobject.Note> com.sicau.ins_note.controller.note.MoveNoteController.execute(java.lang.String,java.lang.String)');
INSERT INTO `sys_log` VALUES (17, 'org.springframework.web.servlet.handler.AbstractHandlerMethodMapping', 'registerHandlerMethod', '2020-03-28 04:50:27', 'INFO', 'Mapped \"{[/note/recycle.do],methods=[],params=[],headers=[],consumes=[],produces=[],custom=[]}\" onto public com.sicau.ins_note.util.NoteResult<com.sicau.ins_note.dataobject.Note> com.sicau.ins_note.controller.note.RecycleNoteController.execute(java.lang.String)');
INSERT INTO `sys_log` VALUES (18, 'org.springframework.web.servlet.handler.AbstractHandlerMethodMapping', 'registerHandlerMethod', '2020-03-28 04:50:27', 'INFO', 'Mapped \"{[/note/replay.do],methods=[],params=[],headers=[],consumes=[],produces=[],custom=[]}\" onto public com.sicau.ins_note.util.NoteResult<com.sicau.ins_note.dataobject.Note> com.sicau.ins_note.controller.note.ReplayNoteController.execute(java.lang.String,java.lang.String)');
INSERT INTO `sys_log` VALUES (19, 'org.springframework.web.servlet.handler.AbstractHandlerMethodMapping', 'registerHandlerMethod', '2020-03-28 04:50:27', 'INFO', 'Mapped \"{[/note/update.do],methods=[],params=[],headers=[],consumes=[],produces=[],custom=[]}\" onto public com.sicau.ins_note.util.NoteResult<java.lang.Object> com.sicau.ins_note.controller.note.UpdateNoteController.execute(java.lang.String,java.lang.String,java.lang.String)');
INSERT INTO `sys_log` VALUES (20, 'org.springframework.web.servlet.handler.AbstractHandlerMethodMapping', 'registerHandlerMethod', '2020-03-28 04:50:27', 'INFO', 'Mapped \"{[/notebook/addNoteBook.do],methods=[],params=[],headers=[],consumes=[],produces=[],custom=[]}\" onto public com.sicau.ins_note.util.NoteResult<com.sicau.ins_note.dataobject.NoteBook> com.sicau.ins_note.controller.notebook.AddNoteBookController.execute(java.lang.String,java.lang.String)');
INSERT INTO `sys_log` VALUES (21, 'org.springframework.web.servlet.handler.AbstractHandlerMethodMapping', 'registerHandlerMethod', '2020-03-28 04:50:27', 'INFO', 'Mapped \"{[/notebook/deleteNoteBook.do],methods=[],params=[],headers=[],consumes=[],produces=[],custom=[]}\" onto public com.sicau.ins_note.util.NoteResult<java.lang.Object> com.sicau.ins_note.controller.notebook.DeleteNoteBookController.execute(java.lang.String)');
INSERT INTO `sys_log` VALUES (22, 'org.springframework.web.servlet.handler.AbstractHandlerMethodMapping', 'registerHandlerMethod', '2020-03-28 04:50:27', 'INFO', 'Mapped \"{[/book/loadBooks.do],methods=[],params=[],headers=[],consumes=[],produces=[],custom=[]}\" onto public com.sicau.ins_note.util.NoteResult<java.util.List<com.sicau.ins_note.dataobject.NoteBook>> com.sicau.ins_note.controller.notebook.LoadNoteBooksController.execute(java.lang.String)');
INSERT INTO `sys_log` VALUES (23, 'org.springframework.web.servlet.handler.AbstractHandlerMethodMapping', 'registerHandlerMethod', '2020-03-28 04:50:27', 'INFO', 'Mapped \"{[/notebook/renameNoteBook.do],methods=[],params=[],headers=[],consumes=[],produces=[],custom=[]}\" onto public com.sicau.ins_note.util.NoteResult<com.sicau.ins_note.dataobject.NoteBook> com.sicau.ins_note.controller.notebook.RenameNoteBookController.execute(java.lang.String,java.lang.String,java.lang.String)');
INSERT INTO `sys_log` VALUES (24, 'org.springframework.web.servlet.handler.AbstractHandlerMethodMapping', 'registerHandlerMethod', '2020-03-28 04:50:27', 'INFO', 'Mapped \"{[/note/deleteFavorNote.do],methods=[],params=[],headers=[],consumes=[],produces=[],custom=[]}\" onto public com.sicau.ins_note.util.NoteResult<com.sicau.ins_note.dataobject.Note> com.sicau.ins_note.controller.RecycleFavorNoteController.execute(java.lang.String)');
INSERT INTO `sys_log` VALUES (25, 'org.springframework.web.servlet.handler.AbstractHandlerMethodMapping', 'registerHandlerMethod', '2020-03-28 04:50:27', 'INFO', 'Mapped \"{[/sharenote/deleteFavorShareNote.do],methods=[],params=[],headers=[],consumes=[],produces=[],custom=[]}\" onto public com.sicau.ins_note.util.NoteResult<com.sicau.ins_note.dataobject.Note> com.sicau.ins_note.controller.RecycleFavorShareNoteController.execute(java.lang.String)');
INSERT INTO `sys_log` VALUES (26, 'org.springframework.web.servlet.handler.AbstractHandlerMethodMapping', 'registerHandlerMethod', '2020-03-28 04:50:27', 'INFO', 'Mapped \"{[/sharenote/favorShareNote.do],methods=[],params=[],headers=[],consumes=[],produces=[],custom=[]}\" onto public com.sicau.ins_note.util.NoteResult<com.sicau.ins_note.dataobject.Note> com.sicau.ins_note.controller.share.FavorShareNoteController.execute(java.lang.String)');
INSERT INTO `sys_log` VALUES (27, 'org.springframework.web.servlet.handler.AbstractHandlerMethodMapping', 'registerHandlerMethod', '2020-03-28 04:50:27', 'INFO', 'Mapped \"{[/note/load_share.do],methods=[],params=[],headers=[],consumes=[],produces=[],custom=[]}\" onto public com.sicau.ins_note.util.NoteResult<com.sicau.ins_note.dataobject.Share> com.sicau.ins_note.controller.share.LoadShareNoteController.execute(java.lang.String)');
INSERT INTO `sys_log` VALUES (28, 'org.springframework.web.servlet.handler.AbstractHandlerMethodMapping', 'registerHandlerMethod', '2020-03-28 04:50:27', 'INFO', 'Mapped \"{[/share/add.do],methods=[],params=[],headers=[],consumes=[],produces=[],custom=[]}\" onto public com.sicau.ins_note.util.NoteResult<java.lang.Object> com.sicau.ins_note.controller.share.ShareNoteController.execute(java.lang.String)');
INSERT INTO `sys_log` VALUES (29, 'org.springframework.web.servlet.handler.AbstractHandlerMethodMapping', 'registerHandlerMethod', '2020-03-28 04:50:27', 'INFO', 'Mapped \"{[/share/search.do],methods=[],params=[],headers=[],consumes=[],produces=[],custom=[]}\" onto public com.sicau.ins_note.util.NoteResult<java.util.List<com.sicau.ins_note.dataobject.Share>> com.sicau.ins_note.controller.share.ShareSearchController.execute(java.lang.String,int)');
INSERT INTO `sys_log` VALUES (30, 'org.springframework.web.servlet.handler.AbstractHandlerMethodMapping', 'registerHandlerMethod', '2020-03-28 04:50:27', 'INFO', 'Mapped \"{[/user/change.do],methods=[],params=[],headers=[],consumes=[],produces=[],custom=[]}\" onto public com.sicau.ins_note.util.NoteResult<java.lang.Object> com.sicau.ins_note.controller.user.ChangeUserPasswordController.execute(java.lang.String,java.lang.String,java.lang.String)');
INSERT INTO `sys_log` VALUES (31, 'org.springframework.web.servlet.handler.AbstractHandlerMethodMapping', 'registerHandlerMethod', '2020-03-28 04:50:27', 'INFO', 'Mapped \"{[/user/login.do],methods=[],params=[],headers=[],consumes=[],produces=[],custom=[]}\" onto public com.sicau.ins_note.util.NoteResult<com.sicau.ins_note.dataobject.User> com.sicau.ins_note.controller.user.UserLoginController.execute(java.lang.String,java.lang.String)');
INSERT INTO `sys_log` VALUES (32, 'org.springframework.web.servlet.handler.AbstractHandlerMethodMapping', 'registerHandlerMethod', '2020-03-28 04:50:27', 'INFO', 'Mapped \"{[/user/add.do],methods=[],params=[],headers=[],consumes=[],produces=[],custom=[]}\" onto public com.sicau.ins_note.util.NoteResult<java.lang.Object> com.sicau.ins_note.controller.user.UserRegisterController.execute(java.lang.String,java.lang.String,java.lang.String)');
INSERT INTO `sys_log` VALUES (33, 'org.springframework.beans.factory.xml.XmlBeanDefinitionReader', 'loadBeanDefinitions', '2020-03-28 04:52:46', 'INFO', 'Loading XML bean definitions from file [F:apache-tomcat-9.0.27wtpwebappsins_noteWEB-INFclassesconfspring-aop.xml]');
INSERT INTO `sys_log` VALUES (34, 'org.springframework.beans.factory.xml.XmlBeanDefinitionReader', 'loadBeanDefinitions', '2020-03-28 04:52:48', 'INFO', 'Loading XML bean definitions from file [F:apache-tomcat-9.0.27wtpwebappsins_noteWEB-INFclassesconfspring-mvc.xml]');
INSERT INTO `sys_log` VALUES (35, 'org.springframework.beans.factory.xml.XmlBeanDefinitionReader', 'loadBeanDefinitions', '2020-03-28 04:52:48', 'INFO', 'Loading XML bean definitions from file [F:apache-tomcat-9.0.27wtpwebappsins_noteWEB-INFclassesconfspring-mybatis.xml]');
INSERT INTO `sys_log` VALUES (36, 'org.springframework.beans.factory.xml.XmlBeanDefinitionReader', 'loadBeanDefinitions', '2020-03-28 04:52:48', 'INFO', 'Loading XML bean definitions from file [F:apache-tomcat-9.0.27wtpwebappsins_noteWEB-INFclassesconfspring-transaction.xml]');
INSERT INTO `sys_log` VALUES (37, 'org.springframework.web.servlet.handler.AbstractHandlerMethodMapping', 'registerHandlerMethod', '2020-03-28 04:52:54', 'INFO', 'Mapped \"{[/note/load_favor_note.do],methods=[],params=[],headers=[],consumes=[],produces=[],custom=[]}\" onto public com.sicau.ins_note.util.NoteResult<com.sicau.ins_note.dataobject.Note> com.sicau.ins_note.controller.LoadFavorNoteController.execute(java.lang.String)');
INSERT INTO `sys_log` VALUES (38, 'org.springframework.web.servlet.handler.AbstractHandlerMethodMapping', 'registerHandlerMethod', '2020-03-28 04:52:54', 'INFO', 'Mapped \"{[/note/loadFavorNotes.do],methods=[],params=[],headers=[],consumes=[],produces=[],custom=[]}\" onto public com.sicau.ins_note.util.NoteResult<java.util.List<java.util.Map<com.sicau.ins_note.dataobject.Note, java.lang.Object>>> com.sicau.ins_note.controller.LoadFavorNotesController.execute(java.lang.String)');
INSERT INTO `sys_log` VALUES (39, 'org.springframework.web.servlet.handler.AbstractHandlerMethodMapping', 'registerHandlerMethod', '2020-03-28 04:52:55', 'INFO', 'Mapped \"{[/sharenote/load_favor_share_note.do],methods=[],params=[],headers=[],consumes=[],produces=[],custom=[]}\" onto public com.sicau.ins_note.util.NoteResult<com.sicau.ins_note.dataobject.Note> com.sicau.ins_note.controller.LoadFavorShareNoteController.execute(java.lang.String)');
INSERT INTO `sys_log` VALUES (40, 'org.springframework.web.servlet.handler.AbstractHandlerMethodMapping', 'registerHandlerMethod', '2020-03-28 04:52:55', 'INFO', 'Mapped \"{[/sharenote/loadFavorShareNotes.do],methods=[],params=[],headers=[],consumes=[],produces=[],custom=[]}\" onto public com.sicau.ins_note.util.NoteResult<java.util.List<java.util.Map<com.sicau.ins_note.dataobject.Note, java.lang.Object>>> com.sicau.ins_note.controller.LoadFavorShareNotesController.execute(java.lang.String)');
INSERT INTO `sys_log` VALUES (41, 'org.springframework.web.servlet.handler.AbstractHandlerMethodMapping', 'registerHandlerMethod', '2020-03-28 04:52:55', 'INFO', 'Mapped \"{[/note/add.do],methods=[],params=[],headers=[],consumes=[],produces=[],custom=[]}\" onto public com.sicau.ins_note.util.NoteResult<com.sicau.ins_note.dataobject.Note> com.sicau.ins_note.controller.note.AddNoteController.execute(java.lang.String,java.lang.String,java.lang.String)');
INSERT INTO `sys_log` VALUES (42, 'org.springframework.web.servlet.handler.AbstractHandlerMethodMapping', 'registerHandlerMethod', '2020-03-28 04:52:55', 'INFO', 'Mapped \"{[/note/deleteRecycleNote.do],methods=[],params=[],headers=[],consumes=[],produces=[],custom=[]}\" onto public com.sicau.ins_note.util.NoteResult<java.lang.Object> com.sicau.ins_note.controller.note.DeleteRecycleNoteController.execute(java.lang.String)');
INSERT INTO `sys_log` VALUES (43, 'org.springframework.web.servlet.handler.AbstractHandlerMethodMapping', 'registerHandlerMethod', '2020-03-28 04:52:55', 'INFO', 'Mapped \"{[/note/favorNote.do],methods=[],params=[],headers=[],consumes=[],produces=[],custom=[]}\" onto public com.sicau.ins_note.util.NoteResult<com.sicau.ins_note.dataobject.Note> com.sicau.ins_note.controller.note.FavorNoteController.execute(java.lang.String)');
INSERT INTO `sys_log` VALUES (44, 'org.springframework.web.servlet.handler.AbstractHandlerMethodMapping', 'registerHandlerMethod', '2020-03-28 04:52:55', 'INFO', 'Mapped \"{[/note/loadDeleteNotes.do],methods=[],params=[],headers=[],consumes=[],produces=[],custom=[]}\" onto public com.sicau.ins_note.util.NoteResult<java.util.List<java.util.Map>> com.sicau.ins_note.controller.note.LoadDeleteNotesController.execute(java.lang.String)');
INSERT INTO `sys_log` VALUES (45, 'org.springframework.web.servlet.handler.AbstractHandlerMethodMapping', 'registerHandlerMethod', '2020-03-28 04:52:55', 'INFO', 'Mapped \"{[/note/load.do],methods=[],params=[],headers=[],consumes=[],produces=[],custom=[]}\" onto public com.sicau.ins_note.util.NoteResult<com.sicau.ins_note.dataobject.Note> com.sicau.ins_note.controller.note.LoadNoteController.execute(java.lang.String)');
INSERT INTO `sys_log` VALUES (46, 'org.springframework.web.servlet.handler.AbstractHandlerMethodMapping', 'registerHandlerMethod', '2020-03-28 04:52:55', 'INFO', 'Mapped \"{[/note/loadnotes.do],methods=[],params=[],headers=[],consumes=[],produces=[],custom=[]}\" onto public com.sicau.ins_note.util.NoteResult<java.util.List<java.util.Map<java.lang.String, java.lang.Object>>> com.sicau.ins_note.controller.note.LoadNotesController.execute(java.lang.String)');
INSERT INTO `sys_log` VALUES (47, 'org.springframework.web.servlet.handler.AbstractHandlerMethodMapping', 'registerHandlerMethod', '2020-03-28 04:52:55', 'INFO', 'Mapped \"{[/note/load_recycle_note.do],methods=[],params=[],headers=[],consumes=[],produces=[],custom=[]}\" onto public com.sicau.ins_note.util.NoteResult<com.sicau.ins_note.dataobject.Note> com.sicau.ins_note.controller.note.LoadRecycleNoteController.execute(java.lang.String)');
INSERT INTO `sys_log` VALUES (48, 'org.springframework.web.servlet.handler.AbstractHandlerMethodMapping', 'registerHandlerMethod', '2020-03-28 04:52:55', 'INFO', 'Mapped \"{[/note/move.do],methods=[],params=[],headers=[],consumes=[],produces=[],custom=[]}\" onto public com.sicau.ins_note.util.NoteResult<com.sicau.ins_note.dataobject.Note> com.sicau.ins_note.controller.note.MoveNoteController.execute(java.lang.String,java.lang.String)');
INSERT INTO `sys_log` VALUES (49, 'org.springframework.web.servlet.handler.AbstractHandlerMethodMapping', 'registerHandlerMethod', '2020-03-28 04:52:56', 'INFO', 'Mapped \"{[/note/recycle.do],methods=[],params=[],headers=[],consumes=[],produces=[],custom=[]}\" onto public com.sicau.ins_note.util.NoteResult<com.sicau.ins_note.dataobject.Note> com.sicau.ins_note.controller.note.RecycleNoteController.execute(java.lang.String)');
INSERT INTO `sys_log` VALUES (50, 'org.springframework.web.servlet.handler.AbstractHandlerMethodMapping', 'registerHandlerMethod', '2020-03-28 04:52:56', 'INFO', 'Mapped \"{[/note/replay.do],methods=[],params=[],headers=[],consumes=[],produces=[],custom=[]}\" onto public com.sicau.ins_note.util.NoteResult<com.sicau.ins_note.dataobject.Note> com.sicau.ins_note.controller.note.ReplayNoteController.execute(java.lang.String,java.lang.String)');
INSERT INTO `sys_log` VALUES (51, 'org.springframework.web.servlet.handler.AbstractHandlerMethodMapping', 'registerHandlerMethod', '2020-03-28 04:52:56', 'INFO', 'Mapped \"{[/note/update.do],methods=[],params=[],headers=[],consumes=[],produces=[],custom=[]}\" onto public com.sicau.ins_note.util.NoteResult<java.lang.Object> com.sicau.ins_note.controller.note.UpdateNoteController.execute(java.lang.String,java.lang.String,java.lang.String)');
INSERT INTO `sys_log` VALUES (52, 'org.springframework.web.servlet.handler.AbstractHandlerMethodMapping', 'registerHandlerMethod', '2020-03-28 04:52:56', 'INFO', 'Mapped \"{[/notebook/addNoteBook.do],methods=[],params=[],headers=[],consumes=[],produces=[],custom=[]}\" onto public com.sicau.ins_note.util.NoteResult<com.sicau.ins_note.dataobject.NoteBook> com.sicau.ins_note.controller.notebook.AddNoteBookController.execute(java.lang.String,java.lang.String)');
INSERT INTO `sys_log` VALUES (53, 'org.springframework.web.servlet.handler.AbstractHandlerMethodMapping', 'registerHandlerMethod', '2020-03-28 04:52:56', 'INFO', 'Mapped \"{[/notebook/deleteNoteBook.do],methods=[],params=[],headers=[],consumes=[],produces=[],custom=[]}\" onto public com.sicau.ins_note.util.NoteResult<java.lang.Object> com.sicau.ins_note.controller.notebook.DeleteNoteBookController.execute(java.lang.String)');
INSERT INTO `sys_log` VALUES (54, 'org.springframework.web.servlet.handler.AbstractHandlerMethodMapping', 'registerHandlerMethod', '2020-03-28 04:52:56', 'INFO', 'Mapped \"{[/book/loadBooks.do],methods=[],params=[],headers=[],consumes=[],produces=[],custom=[]}\" onto public com.sicau.ins_note.util.NoteResult<java.util.List<com.sicau.ins_note.dataobject.NoteBook>> com.sicau.ins_note.controller.notebook.LoadNoteBooksController.execute(java.lang.String)');
INSERT INTO `sys_log` VALUES (55, 'org.springframework.web.servlet.handler.AbstractHandlerMethodMapping', 'registerHandlerMethod', '2020-03-28 04:52:56', 'INFO', 'Mapped \"{[/notebook/renameNoteBook.do],methods=[],params=[],headers=[],consumes=[],produces=[],custom=[]}\" onto public com.sicau.ins_note.util.NoteResult<com.sicau.ins_note.dataobject.NoteBook> com.sicau.ins_note.controller.notebook.RenameNoteBookController.execute(java.lang.String,java.lang.String,java.lang.String)');
INSERT INTO `sys_log` VALUES (56, 'org.springframework.web.servlet.handler.AbstractHandlerMethodMapping', 'registerHandlerMethod', '2020-03-28 04:52:56', 'INFO', 'Mapped \"{[/note/deleteFavorNote.do],methods=[],params=[],headers=[],consumes=[],produces=[],custom=[]}\" onto public com.sicau.ins_note.util.NoteResult<com.sicau.ins_note.dataobject.Note> com.sicau.ins_note.controller.RecycleFavorNoteController.execute(java.lang.String)');
INSERT INTO `sys_log` VALUES (57, 'org.springframework.web.servlet.handler.AbstractHandlerMethodMapping', 'registerHandlerMethod', '2020-03-28 04:52:56', 'INFO', 'Mapped \"{[/sharenote/deleteFavorShareNote.do],methods=[],params=[],headers=[],consumes=[],produces=[],custom=[]}\" onto public com.sicau.ins_note.util.NoteResult<com.sicau.ins_note.dataobject.Note> com.sicau.ins_note.controller.RecycleFavorShareNoteController.execute(java.lang.String)');
INSERT INTO `sys_log` VALUES (58, 'org.springframework.web.servlet.handler.AbstractHandlerMethodMapping', 'registerHandlerMethod', '2020-03-28 04:52:56', 'INFO', 'Mapped \"{[/sharenote/favorShareNote.do],methods=[],params=[],headers=[],consumes=[],produces=[],custom=[]}\" onto public com.sicau.ins_note.util.NoteResult<com.sicau.ins_note.dataobject.Note> com.sicau.ins_note.controller.share.FavorShareNoteController.execute(java.lang.String)');
INSERT INTO `sys_log` VALUES (59, 'org.springframework.web.servlet.handler.AbstractHandlerMethodMapping', 'registerHandlerMethod', '2020-03-28 04:52:56', 'INFO', 'Mapped \"{[/note/load_share.do],methods=[],params=[],headers=[],consumes=[],produces=[],custom=[]}\" onto public com.sicau.ins_note.util.NoteResult<com.sicau.ins_note.dataobject.Share> com.sicau.ins_note.controller.share.LoadShareNoteController.execute(java.lang.String)');
INSERT INTO `sys_log` VALUES (60, 'org.springframework.web.servlet.handler.AbstractHandlerMethodMapping', 'registerHandlerMethod', '2020-03-28 04:52:56', 'INFO', 'Mapped \"{[/share/add.do],methods=[],params=[],headers=[],consumes=[],produces=[],custom=[]}\" onto public com.sicau.ins_note.util.NoteResult<java.lang.Object> com.sicau.ins_note.controller.share.ShareNoteController.execute(java.lang.String)');
INSERT INTO `sys_log` VALUES (61, 'org.springframework.web.servlet.handler.AbstractHandlerMethodMapping', 'registerHandlerMethod', '2020-03-28 04:52:56', 'INFO', 'Mapped \"{[/share/search.do],methods=[],params=[],headers=[],consumes=[],produces=[],custom=[]}\" onto public com.sicau.ins_note.util.NoteResult<java.util.List<com.sicau.ins_note.dataobject.Share>> com.sicau.ins_note.controller.share.ShareSearchController.execute(java.lang.String,int)');
INSERT INTO `sys_log` VALUES (62, 'org.springframework.web.servlet.handler.AbstractHandlerMethodMapping', 'registerHandlerMethod', '2020-03-28 04:52:56', 'INFO', 'Mapped \"{[/user/change.do],methods=[],params=[],headers=[],consumes=[],produces=[],custom=[]}\" onto public com.sicau.ins_note.util.NoteResult<java.lang.Object> com.sicau.ins_note.controller.user.ChangeUserPasswordController.execute(java.lang.String,java.lang.String,java.lang.String)');
INSERT INTO `sys_log` VALUES (63, 'org.springframework.web.servlet.handler.AbstractHandlerMethodMapping', 'registerHandlerMethod', '2020-03-28 04:52:56', 'INFO', 'Mapped \"{[/user/login.do],methods=[],params=[],headers=[],consumes=[],produces=[],custom=[]}\" onto public com.sicau.ins_note.util.NoteResult<com.sicau.ins_note.dataobject.User> com.sicau.ins_note.controller.user.UserLoginController.execute(java.lang.String,java.lang.String)');
INSERT INTO `sys_log` VALUES (64, 'org.springframework.web.servlet.handler.AbstractHandlerMethodMapping', 'registerHandlerMethod', '2020-03-28 04:52:56', 'INFO', 'Mapped \"{[/user/add.do],methods=[],params=[],headers=[],consumes=[],produces=[],custom=[]}\" onto public com.sicau.ins_note.util.NoteResult<java.lang.Object> com.sicau.ins_note.controller.user.UserRegisterController.execute(java.lang.String,java.lang.String,java.lang.String)');

-- ----------------------------
-- Table structure for user
-- ----------------------------
DROP TABLE IF EXISTS `user`;
CREATE TABLE `user`  (
  `user_id` varchar(40) CHARACTER SET utf8 COLLATE utf8_bin NOT NULL COMMENT '用户ID',
  `user_name` varchar(40) CHARACTER SET utf8 COLLATE utf8_bin NOT NULL COMMENT '用户名',
  `user_password` varchar(40) CHARACTER SET utf8 COLLATE utf8_bin NOT NULL COMMENT '密码',
  `user_desc` varchar(20) CHARACTER SET utf8 COLLATE utf8_general_ci NULL DEFAULT NULL COMMENT '用户概述',
  `user_nick` varchar(20) CHARACTER SET utf8 COLLATE utf8_general_ci NULL DEFAULT NULL COMMENT '用户昵称',
  PRIMARY KEY (`user_id`) USING BTREE
) ENGINE = InnoDB CHARACTER set utf8mb4 collate utf8mb4_unicode_ci ROW_FORMAT = Dynamic;

-- ----------------------------
-- Records of user
-- ----------------------------
INSERT INTO `user` VALUES ('03590914a9344da9ba4db41799f917d1', 'zhouj', '32217f34ce2429c5a72b8d7ebe34bf61151f667c', NULL, NULL);
INSERT INTO `user` VALUES ('2273f74261ec4440b88a42cf48db19ff', 'zhoujia123', '32217f34ce2429c5a72b8d7ebe34bf61151f667c', NULL, NULL);
INSERT INTO `user` VALUES ('333c6d0be4a245969902a5d98c2f665a', 'test1', '32217f34ce2429c5a72b8d7ebe34bf61151f667c', NULL, NULL);
INSERT INTO `user` VALUES ('39295a3dcc9b42b4b206a2e7fab7e77c', 'zhoujia', '32217f34ce2429c5a72b8d7ebe34bf61151f667c', NULL, NULL);
INSERT INTO `user` VALUES ('48595f52b22c44859244f4004255b972', 'king', '32217f34ce2429c5a72b8d7ebe34bf61151f667c', NULL, NULL);
INSERT INTO `user` VALUES ('524f744072834b2d8af54a67570e892e', 'pc', '32217f34ce2429c5a72b8d7ebe34bf61151f667c', NULL, NULL);
INSERT INTO `user` VALUES ('52f9b27638ee447fa3aa0d54e7a736e4', 'wsf', '32217f34ce2429c5a72b8d7ebe34bf61151f667c', NULL, NULL);
INSERT INTO `user` VALUES ('6f339f0a20684db18fef8e68f444c72c', 'saipi', '32217f34ce2429c5a72b8d7ebe34bf61151f667c', NULL, NULL);
INSERT INTO `user` VALUES ('974375a885574308bd369455c7863239', 'zhoujia1231', '32217f34ce2429c5a72b8d7ebe34bf61151f667c', NULL, NULL);
INSERT INTO `user` VALUES ('9863f74472839b2h8uf54a6757we372t', 'cafebabe', '71304669ae72f9bf12a66cb80dbf136bbd40ad6c', 'romantic', '小可爱');
INSERT INTO `user` VALUES ('IjrsQHSnV8A9qSntJgBCnw', 'babel', '32217f34ce2429c5a72b8d7ebe34bf61151f667c', NULL, 'nicko');
INSERT INTO `user` VALUES ('Z28Kz6KyGyus8mf3IgoGaQ', 'lucky', 'ba5cdb6285eb9e58df6526e504d4eabfd7edfca0', NULL, '曼巴');
INSERT INTO `user` VALUES ('bf9d2885f34e4c789ae52723f62aa2b5', 'saipi', '32217f34ce2429c5a72b8d7ebe34bf61151f667c', NULL, NULL);
INSERT INTO `user` VALUES ('c782725247a74db2b84db6c6765128eb', '张三', '32217f34ce2429c5a72b8d7ebe34bf61151f667c', NULL, '三毛');
INSERT INTO `user` VALUES ('daf091503cad421982a7cc3d68fed9c7', '李四', '32217f34ce2429c5a72b8d7ebe34bf61151f667c', NULL, '傻蛋儿');
INSERT INTO `user` VALUES ('ea09d9b1ede74bd8b43da546680df00b', 'yht', '32217f34ce2429c5a72b8d7ebe34bf61151f667c', NULL, NULL);
INSERT INTO `user` VALUES ('f79868bcd34f45368cda822fdc183a22', '王五', '32217f34ce2429c5a72b8d7ebe34bf61151f667c', NULL, '狗蛋儿');
INSERT INTO `user` VALUES ('o6XQVuaLGCT1Ow/eCIZSPg', 'babel', '32217f34ce2429c5a72b8d7ebe34bf61151f667c', NULL, 'nicko');

SET FOREIGN_KEY_CHECKS = 1;
